date,pred__y_SPY__ols,pred__y_SPY__ridge,pred__y_SPY__lasso,pred__y_SPY__elasticnet,pred__y_SPY__huber,pred__y_SPY__quantile,pred__y_QQQ__ols,pred__y_QQQ__ridge,pred__y_QQQ__lasso,pred__y_QQQ__elasticnet,pred__y_QQQ__huber,pred__y_QQQ__quantile,pred__y_IWM__ols,pred__y_IWM__ridge,pred__y_IWM__lasso,pred__y_IWM__elasticnet,pred__y_IWM__huber,pred__y_IWM__quantile
2006-02-28,,,,,,,,,,,,,,,,,,
2006-03-31,,,,,,,,,,,,,,,,,,
2006-04-30,,,,,,,,,,,,,,,,,,
2006-05-31,,,,,,,,,,,,,,,,,,
2006-06-30,,,,,,,,,,,,,,,,,,
2006-07-31,,,,,,,,,,,,,,,,,,
2006-08-31,,,,,,,,,,,,,,,,,,
2006-09-30,,,,,,,,,,,,,,,,,,
2006-10-31,,,,,,,,,,,,,,,,,,
2006-11-30,,,,,,,,,,,,,,,,,,
2006-12-31,,,,,,,,,,,,,,,,,,
2007-01-31,,,,,,,,,,,,,,,,,,
2007-02-28,,,,,,,,,,,,,,,,,,
2007-03-31,,,,,,,,,,,,,,,,,,
2007-04-30,,,,,,,,,,,,,,,,,,
2007-05-31,,,,,,,,,,,,,,,,,,
2007-06-30,,,,,,,,,,,,,,,,,,
2007-07-31,,,,,,,,,,,,,,,,,,
2007-08-31,,,,,,,,,,,,,,,,,,
2007-09-30,,,,,,,,,,,,,,,,,,
2007-10-31,,,,,,,,,,,,,,,,,,
2007-11-30,,,,,,,,,,,,,,,,,,
2007-12-31,,,,,,,,,,,,,,,,,,
2008-01-31,,,,,,,,,,,,,,,,,,
2008-02-29,,,,,,,,,,,,,,,,,,
2008-03-31,,,,,,,,,,,,,,,,,,
2008-04-30,,,,,,,,,,,,,,,,,,
2008-05-31,,,,,,,,,,,,,,,,,,
2008-06-30,,,,,,,,,,,,,,,,,,
2008-07-31,,,,,,,,,,,,,,,,,,
2008-08-31,,,,,,,,,,,,,,,,,,
2008-09-30,,,,,,,,,,,,,,,,,,
2008-10-31,,,,,,,,,,,,,,,,,,
2008-11-30,,,,,,,,,,,,,,,,,,
2008-12-31,,,,,,,,,,,,,,,,,,
2009-01-31,,,,,,,,,,,,,,,,,,
2009-02-28,,,,,,,,,,,,,,,,,,
2009-03-31,,,,,,,,,,,,,,,,,,
2009-04-30,,,,,,,,,,,,,,,,,,
2009-05-31,,,,,,,,,,,,,,,,,,
2009-06-30,,,,,,,,,,,,,,,,,,
2009-07-31,,,,,,,,,,,,,,,,,,
2009-08-31,,,,,,,,,,,,,,,,,,
2009-09-30,,,,,,,,,,,,,,,,,,
2009-10-31,,,,,,,,,,,,,,,,,,
2009-11-30,,,,,,,,,,,,,,,,,,
2009-12-31,,,,,,,,,,,,,,,,,,
2010-01-31,,,,,,,,,,,,,,,,,,
2010-02-28,,,,,,,,,,,,,,,,,,
2010-03-31,,,,,,,,,,,,,,,,,,
2010-04-30,,,,,,,,,,,,,,,,,,
2010-05-31,,,,,,,,,,,,,,,,,,
2010-06-30,,,,,,,,,,,,,,,,,,
2010-07-31,,,,,,,,,,,,,,,,,,
2010-08-31,,,,,,,,,,,,,,,,,,
2010-09-30,,,,,,,,,,,,,,,,,,
2010-10-31,,,,,,,,,,,,,,,,,,
2010-11-30,,,,,,,,,,,,,,,,,,
2010-12-31,,,,,,,,,,,,,,,,,,
2011-01-31,,,,,,,,,,,,,,,,,,
2011-02-28,-0.03144909377728201,-0.01885896662828685,0.012957187193568996,0.01082349180768364,-0.043391473774862195,0.02814973492590525,-0.015275300582480798,-0.008477166552550555,0.018667725385783297,0.012424954360472328,-0.026441225123465834,0.047321484439067696,-0.014358301223055448,-0.0023652758090274718,0.029133235314748512,0.02965733287324967,-0.02189278012822215,0.05981936471412082
2011-03-31,-0.030553130416771244,-0.025858874434274,0.0007542751267238038,-0.002847119563071203,-0.02293499921449351,0.02269531164329242,-0.043278205954242165,-0.03770281261839443,-0.0022964832900212104,-0.01598020351542496,-0.030561608063397066,0.041743149548203344,0.008794764656465646,0.0086684674728382,0.014802110914108333,0.015950673986671972,0.03847860198671914,0.05446565552627673
2011-04-30,-0.04061682314579047,-0.04158944626046198,-0.014635673109410158,-0.023035649070868087,-0.021693974183256276,0.007499095483009238,-0.04079197950355404,-0.03796164084233202,-0.011136460939378218,-0.024649454211747537,-0.018236556826739043,0.030788577527403587,-0.004283615328452246,-0.008973256203327172,-0.0031970862765339763,-0.00770557590558958,0.03438126377793944,0.03167726912682179
2011-05-31,-0.05770826643559782,-0.060049620441849964,-0.030968659209252118,-0.04225197104204897,-0.03483554289365885,0.0007247410949472975,-0.06805710464679926,-0.06597233036079855,-0.031026068369279725,-0.0509360100189542,-0.038973359941221114,0.025155436966492493,-0.030403392769678753,-0.03435995364189539,-0.020110668141822236,-0.026039383277569363,0.004070049622356532,0.02454527239356724
2011-06-30,-0.044692869389990834,-0.04967970454735685,-0.045312754466120736,-0.054833151835267255,-0.03368967444099845,-0.010387365941599025,-0.03978534234422382,-0.040880159000790284,-0.03740690707501038,-0.046574386830430387,-0.023038213047146053,0.01672147183365025,-0.027092779402304784,-0.03241538994451519,-0.03548584407960484,-0.03946423425990704,-0.006043663370836354,0.00892106552768503
2011-07-31,-0.05220121244414588,-0.057738892755029705,-0.05338414498921677,-0.06283565927748197,-0.037189196171266634,-0.011072247606329034,-0.024651235915218783,-0.027774691782352035,-0.03750641177805254,-0.04177232270248409,-0.0061905711042454376,0.01615554193605081,-0.04777203129862226,-0.05328382119125858,-0.04801928282653994,-0.05776430762320343,-0.017425520384618986,0.0013231889929969307
2011-08-31,-0.03365304052251368,-0.042711563444960375,-0.051012491881324784,-0.06116911639007425,-0.016406125297790355,-0.01448085905243806,-0.008375816588902539,-0.013388961903454564,-0.030342129344861454,-0.033429926384681743,0.01057781878218245,0.00527300922347557,-0.042226933087236636,-0.04785759691513565,-0.0504989265565626,-0.06174824218398236,-0.008537404207541593,-6.502572054966141e-05
2011-09-30,0.04526288276576625,0.02456254605433097,-0.048871007185874143,-0.05645865792741621,0.06038977066298466,-0.015064619918503419,0.052415854037157046,0.04094382894231934,-0.02458838357685244,-0.018731932077604506,0.06514451671273062,0.0128565737052421,0.03889896370190761,0.02264935291967292,-0.05197729452561221,-0.044990897378736634,0.0795935719304481,0.00980410495803567
2011-10-31,0.09377117399315771,0.06957527187789596,-0.04243525658627795,-0.02905674374388627,0.11720117623290043,-0.015975119475550144,0.07682351004040416,0.0646499023021097,-0.013359777170348025,-0.01015377416375917,0.0933786948420953,0.01654421701727882,0.0910023257381326,0.07242752210556302,-0.04684129026278433,-0.004024440546162551,0.13650730841169895,0.022944878778433164
2011-11-30,0.011176295870962272,0.006448964960305093,-0.03263339579430548,-0.009103784575581645,0.037790593700921776,-0.0030392714177406733,-0.031174729143008943,-0.03140689854308066,-0.020380357067919713,-0.03354110471256083,0.007183319054068965,0.0200121967401205,0.031176214870808787,0.028538965203447373,-0.02503250993918081,0.006436758435207665,0.053212673181140695,0.025871829711190304
2011-12-31,0.048240313123773616,0.041912468969878144,-0.026558608064235864,0.011300692102764166,0.05296435436753793,0.015907740473480408,-0.0007902579562622837,-0.00170390298505093,-0.02321183911019532,-0.026630533683205917,0.002953147092188791,0.029465755362833863,0.06475630897112829,0.058386911936617894,-0.006249535791532153,0.027590333392562366,0.08464056305224667,0.03617990099336937
2012-01-31,0.09367773910272689,0.0859066367643235,0.004267477211502708,0.04799859962046917,0.09777729173723178,0.025094313422108057,0.038696042904230406,0.035549791763032704,-0.013499012675768102,0.009579169610858286,0.029518758420308117,0.040009093515066804,0.10794143983924544,0.09969031277264272,0.025967042511939795,0.06572106669278552,0.12904885757967105,0.06868555532751572
2012-02-29,0.06536983153933641,0.06572952211725067,0.013992859146073325,0.05500854077987997,0.06444906907935295,0.041393976832256964,0.05735331236109848,0.05574995514198266,0.018089625071693902,0.04663320973805492,0.05529704607304652,0.04164898302837112,0.07409182542938607,0.07464708614825945,0.02833440485906612,0.06650739145508118,0.07912428534426343,0.04437284973440689
2012-03-31,0.030499225691607915,0.033598051365994565,0.006648316705529515,0.03819775669222711,0.02487145497477676,0.021293509016787764,0.013817670127949766,0.015524390096929745,0.0016654415834898156,0.01799527068633558,0.00372830815710214,0.03143229681127582,0.026583577882581567,0.0299974991174653,0.015491955166237126,0.038352317005956114,0.026029174634401686,0.03453008407155838
2012-04-30,0.007596797003606421,0.012490686236658988,0.007695642814503569,0.02664278625587671,-0.0058353938639255695,0.01424435312420175,-0.01413914445593771,-0.00960563160856951,-0.0024447708867010656,0.002785872323455868,-0.026942725480121166,0.031320321210880964,0.004958423753491487,0.008396935266375492,0.015122252901368486,0.025709098921889526,0.0032532408221492178,0.03556858488008292
2012-05-31,0.0409477936437491,0.04348172734198558,0.01672593506931081,0.04512120370585582,0.016677353765209138,0.017675083470912335,0.048782534509895864,0.05014931707083916,0.019215833152284707,0.0410473224306116,0.018735365937361893,0.034600009079069315,0.03221789027508889,0.03438598076973323,0.023761713063843642,0.04166250073791877,0.022816924656705373,0.03994732343439052
2012-06-30,0.10784489100148106,0.10729716702483998,0.03982204287881569,0.08279787034153212,0.08051017447567828,0.02360380933384757,0.1541308341242965,0.15062897023796362,0.060699038976961925,0.10800696856519904,0.1131652164715973,0.049676950460424266,0.10438333234928113,0.10431363350662627,0.047253943471206705,0.085237715262898,0.08803618754115482,0.04870973731744127
2012-07-31,0.09024385546460198,0.09213655934204366,0.04260513213629813,0.0805812441526982,0.07499056125188226,0.024535094289998702,0.12557638333746196,0.12465160779434382,0.06170740785305444,0.1044200127540606,0.10018603351918491,0.04697499143745936,0.09246133435307771,0.094585039358036,0.0478325673044627,0.08139624280567333,0.08091405373937015,0.05145681129505806
2012-08-31,0.10492900004959596,0.10583698712154109,0.04769262500850853,0.08564694521147567,0.08293831119436833,0.03435435333463367,0.12921416083087106,0.1286976032880021,0.06282853571433994,0.10142720970137335,0.09678045701542,0.05010651389150557,0.10925754882189116,0.1094081433916897,0.054809288255290106,0.09152498277756634,0.09352610343808551,0.052864560561620824
2012-09-30,0.09494277449053017,0.09497455024353933,0.03457425197854368,0.06485398334952168,0.07639170846443248,0.024179910849954606,0.07555163550754133,0.07621192303511601,0.03315396918075082,0.04958282073175132,0.05566513639418427,0.043134759072584204,0.10427550918130625,0.1015614137393751,0.04059056886347036,0.07501797962168957,0.09239923727059422,0.045043849829543195
2012-10-31,0.07025999446516687,0.07382044879708394,0.02254229011773197,0.04206764991172934,0.04619466375307684,0.021257953920702406,0.05354347618668366,0.05735532576575855,0.02615779841848996,0.031057085835801832,0.0202364379676742,0.03989380768728078,0.09162228076492211,0.09068894238342007,0.030242620543683013,0.06334253919190402,0.07481196510212508,0.03946785638689051
2012-11-30,0.053236621814741744,0.054855122767524564,0.019292583148683682,0.03792919509438954,0.03624060921092858,0.018976487855817802,0.04518968044637087,0.047348458367085844,0.024550137796088223,0.030179978413652143,0.021792375622447974,0.04229524026413784,0.06364677907406134,0.06335173122364521,0.02746204906234632,0.05140224169096778,0.054717391181442615,0.03885691318190114
2012-12-31,0.07442778970467,0.0749768831467812,0.03220722562611093,0.051775291262180806,0.06060802026390042,0.027720872978395823,0.0672377649800013,0.06864884046377477,0.04027892363481898,0.049762563588904296,0.0464824811733515,0.038325392661136076,0.09516077591690568,0.09297095950005986,0.04366317014715686,0.07335146469021965,0.09129309330756184,0.04313845772436038
2013-01-31,0.07507273698163386,0.07471964020274287,0.03550845219189283,0.052066528985206834,0.0672016096709998,0.030337617322590375,0.06877078109702425,0.0694596427856038,0.04289844977934178,0.052059752637478196,0.054656452142129136,0.0474674143997109,0.09525229222164167,0.09262536707603414,0.04687513885533881,0.07244577345983157,0.09566795421667196,0.04694379234532342
2013-02-28,0.04760971119954542,0.04941796874885182,0.036128536335640504,0.04605817390921198,0.04426478122305609,0.03084627122631363,0.026818326296202403,0.029725127653484743,0.034405378143058364,0.03390187751405284,0.02284129196411426,0.04436767268795373,0.06005699314567879,0.05991025376753337,0.045623706106161344,0.05942875964713577,0.06278907213549756,0.047273255467742664
2013-03-31,0.03402723409987398,0.03674339494026618,0.029963750938410492,0.040364595686658414,0.027704757028568096,0.03764205111733828,0.01335038836056239,0.01686157639700401,0.02429599402278581,0.02350772564389317,0.0077125128537719675,0.04181904745815786,0.040214363693141394,0.0414011348991901,0.038503495615972105,0.04946363674834506,0.04064036563120647,0.04480970898265616
2013-04-30,0.028530982399012188,0.03488574227189152,0.04300518315600775,0.05302591516119263,0.017597874437169883,0.0335463924318749,0.00999506960920151,0.0160812643990062,0.03720212568177063,0.035973389731674986,0.0020149263511890433,0.04297205002959872,0.038638325878244166,0.0427743512937496,0.0525811823736935,0.06389918504280494,0.03281359315907683,0.050347695801315324
2013-05-31,0.06341692330855925,0.06736732362932585,0.0552055317343515,0.07156285366762952,0.04969780260967979,0.04556275163509341,0.05696837776947615,0.060429492189589734,0.0548187226705906,0.06321678358211105,0.04383511749314149,0.052057761253629195,0.07777320099123604,0.07969523090189067,0.06774622317002207,0.08702236164717075,0.06802394904930004,0.05590092793881082
2013-06-30,0.026436635914177626,0.03267552854531905,0.04162196801480216,0.042585384262591924,0.017071394972998186,0.03437474332823687,0.022967403884404967,0.02838020838748339,0.042931511619262855,0.04121300836879001,0.01698358183876846,0.042708795802303245,0.05119564130851503,0.053613664858965446,0.05239070343617448,0.06711234957864476,0.04806696620817015,0.04921616569475301
2013-07-31,-0.011706005073620341,-0.004034994274618361,0.030156109274693078,0.021190969340247386,-0.01990604191342403,0.030947166240618836,0.01303216172654896,0.018632994406557798,0.04052986899897451,0.04201953123745594,0.009190856621724797,0.04583264365683825,0.012192904704512253,0.016413424472472078,0.039479234735584935,0.043423508545067296,0.013558841331275818,0.042604005075683155
2013-08-31,-0.036348697723845566,-0.026244809808948548,0.025080334200044622,0.013032753126783923,-0.03683064608605008,0.035612641671120576,-0.020459055187482676,-0.01332087132448118,0.029365768324671082,0.029082362092915676,-0.012880864163480936,0.044001978461326315,-0.006763571634994579,-0.0008777686339976366,0.033696024969795575,0.03466143190100232,7.165885397509772e-05,0.040088657025496625
2013-09-30,-0.026855902945963003,-0.0175358301719127,0.03450106223480522,0.026894230432172754,-0.04155964819086318,0.04322484498923236,0.014935217689215893,0.020591988383501268,0.04896388218934741,0.053620761849750107,0.009083896306828522,0.0477421309693643,0.0021716781306932234,0.007469833398880282,0.04353431507086901,0.043239440841500096,0.0027031106176297615,0.042254549315847
2013-10-31,0.007421288645308978,0.013809152936653638,0.04831784772630992,0.05260237678366497,-0.006197737035626889,0.04907034998529638,0.029157195475889908,0.03276314836791354,0.05658029085562928,0.06008657847161654,0.033795697425231586,0.05267237845965962,0.036497619643136615,0.03947684560591734,0.05887945883302852,0.06301383041247519,0.04076570890273321,0.04938907673902397
2013-11-30,0.023411576610910565,0.029560649374755187,0.053781685323885275,0.05983017980520394,0.009337058271001666,0.05069737689032917,0.0536404917247091,0.056578727860379055,0.06613716598302459,0.07569059214635034,0.05195240314630003,0.055013758804140146,0.05622877563078679,0.05904328622606153,0.06535866604730632,0.076487632193917,0.054091487814730395,0.05115343931427136
2013-12-31,-0.0009810825647869129,0.004548708158095757,0.04287804797496078,0.03971173132004482,-0.008661419797415925,0.040220714200971175,0.016021390387130706,0.019059608653246886,0.04712633130259535,0.04774940794057428,0.0237121915929838,0.0511883159007928,0.029309299570581586,0.03148080958321584,0.0525346568958002,0.05723598716523447,0.0326385661559432,0.04624964979325444
2014-01-31,-0.023487892485455047,-0.018295229452644095,0.033591794420600354,0.020574323700496108,-0.025625213940568596,0.03362858736138598,0.00011923119981577246,0.003258487418526062,0.04009340179091322,0.038652981949954084,0.009058317848899926,0.048180482932892094,0.0004012430432031207,0.0031418879604498476,0.040718462506499145,0.038289546729512514,0.007684097117487049,0.041350969608572666
2014-02-28,0.0019494187617517186,0.00573016441668785,0.03524730279520536,0.03347103884705026,-0.0020793810740557667,0.033243890560552984,0.027321210833870072,0.029862047722541644,0.0469251196233528,0.0522067425147017,0.025995352497631227,0.04753768619827462,0.013284003488090484,0.016210361147777082,0.042579670151844023,0.045774584908713535,0.012156250206012468,0.03757492518040705
2014-03-31,0.024776363379599438,0.02741434383673643,0.04654534984720734,0.048550033745060235,0.026213532291446677,0.0416859386916411,0.04421598892655594,0.04585049207310096,0.05887985237939882,0.06548960283463379,0.045879375302172065,0.052255561119824795,0.03346583146886733,0.035754940096979285,0.053746106361336955,0.05407093009525843,0.033447673142081705,0.04059097705181974
2014-04-30,0.007794967973533334,0.010479380164276096,0.03385340731577691,0.03257466136505692,0.008653265127877518,0.03742143018030807,0.03334863349963174,0.03515224014777877,0.04737929631030192,0.0532080736644911,0.0331843219517297,0.0469449783932397,0.007637146586528967,0.010449374472659369,0.03856146480088823,0.033804169650182805,0.007589487424895933,0.03648367161595202
2014-05-31,-0.002493284366146112,-0.0007246983399193802,0.023812799616856076,0.020516943989774737,0.0014846002761470904,0.034261495647760494,0.015064301329962386,0.016474869585021493,0.03290570839456007,0.03548385792059937,0.022430892034991046,0.04278417232741257,-0.005183653324489109,-0.0033690482305061865,0.027220817325195677,0.01894087580895447,-0.0003780156028725494,0.029894269933980446
2014-06-30,-0.002346670431342821,0.00012501625526559548,0.02104508924566947,0.022641922820933892,0.001444775851194277,0.034087508541510395,0.0194047209185441,0.020980569915326982,0.03127254148310527,0.0366653616837557,0.025792443200752822,0.04115307130131807,-0.00273991647692377,-7.147282317342477e-05,0.02503777358503411,0.020793265324078956,0.0024682723958790766,0.03380151034592234
2014-07-31,0.011206216931246932,0.012331100245675332,0.023473778477804005,0.026685817058905537,0.01605273849297639,0.03451894988776954,0.02169123982830218,0.02237197836783269,0.029777879464756594,0.03311757070803792,0.029535784897746824,0.0445952913245532,0.005085651210016855,0.0064683744646222285,0.0259947082259632,0.01871286284862609,0.007741241870765865,0.02913469670693419
2014-08-31,0.014476272819136191,0.014961254607844879,0.02580581538245036,0.028017835711295153,0.016718697040457586,0.0351883086528222,0.029590112008797454,0.029961062749812944,0.03417646651351803,0.03677689344902559,0.0354927558650917,0.04545759611218436,0.006659244071235634,0.007340471536785936,0.028273239880131106,0.022463578572873608,0.008836039475318625,0.03456839879372352
2014-09-30,0.04220834380387725,0.04183115875343926,0.033190923308820466,0.043928606100007817,0.044955655194002894,0.03829575237499939,0.04906976959195959,0.048548762673832804,0.04053993167003751,0.04592993391546986,0.05511453941225687,0.050354992448783394,0.038893320330157015,0.038546865254795504,0.037225659097991685,0.03775532482773841,0.03914678184082924,0.03209944736584866
2014-10-31,0.02706771274032639,0.027939462479751185,0.033610856605505966,0.039818725883619635,0.027147758146927787,0.03905655554881933,0.05503140081781366,0.05530949677008934,0.048632849368267665,0.056867305767870684,0.056566682449112254,0.048410372372497644,0.02159600727885703,0.022757451666324584,0.03743146053652231,0.036653673092185785,0.018630720603936616,0.03686936825743631
2014-11-30,0.02535525552573962,0.026547798972488827,0.03533081542361166,0.04284406399166514,0.02503726977940135,0.03914325742670733,0.03471086802780084,0.03554438254500744,0.04359954244812196,0.04772069036791552,0.04031701146938289,0.049168536166915605,0.022659664537267407,0.024045781842483193,0.04033578344441779,0.03905043871171611,0.02114134447940795,0.03217612544407536
2014-12-31,0.038074144222339304,0.040203916228316795,0.044968596311879855,0.05700951501153337,0.0314049380655145,0.04293728562414406,0.05455045050197143,0.05588149629332819,0.05766678505525711,0.06630498447001439,0.05089352878459154,0.05282547730019463,0.036786918942080825,0.03934206884431187,0.05249211566910158,0.05720116858558537,0.026184390969281195,0.04249078151389439
2015-01-31,0.06662113842155014,0.06738164520574708,0.058638745066088904,0.07363690074297657,0.055726516794512876,0.04099117001099757,0.07650212767354175,0.07697216914098687,0.07207998611460165,0.08053572706425602,0.06880345197567186,0.0587453462775167,0.06773240589749695,0.06866804287719093,0.0684341955018028,0.07807942022004574,0.050835819787202835,0.046043417936133264
2015-02-28,0.1291742225690153,0.12816633738743263,0.08125276452517896,0.10761274073966318,0.1119103079171564,0.05056806207193355,0.15486255927116138,0.15348811591243885,0.10695016951704886,0.12741494579005896,0.1345547627079593,0.0677832470709775,0.1390807662619438,0.13805061414043632,0.09641444924924397,0.12005486422344364,0.11096099088394658,0.05657647760040682
2015-03-31,0.07743921610946802,0.0797808555336614,0.07396529736858576,0.08803133324450123,0.06765676688738656,0.04957385204725642,0.09818642096979761,0.09942609544510447,0.09507374211762917,0.1062786723826295,0.08924331726817364,0.059582139151843516,0.0861832541699454,0.08883293768693439,0.08644179573545874,0.0945706450153179,0.06305385910661446,0.05232948235501192
2015-04-30,0.0747988191721829,0.07614866171373501,0.06984869950552147,0.07908030639837266,0.06121128922725298,0.04677315120566347,0.09611987799418564,0.09694227357454456,0.09135995518610388,0.09860033173421456,0.08162236574225674,0.048383801306372376,0.07892120734506355,0.08050294667328523,0.08215520471579339,0.08586616140023048,0.05241508907967067,0.043973693573078065
2015-05-31,0.08229847090181672,0.08168408188913598,0.06972382919472697,0.07410062878372348,0.07139389024111821,0.03500765302120664,0.09683013505748693,0.09627192003514647,0.08923369843746044,0.09256028066097136,0.08775437561003639,0.04259476202401438,0.08863449132679586,0.08784737765725208,0.08134262420394216,0.08043932566524457,0.06880532704747253,0.024815359274118858
2015-06-30,0.05917198020257754,0.06027276946209861,0.06186419810106887,0.06138749773261108,0.052195051140923765,0.03490479155811445,0.08632148822123456,0.0867919206548939,0.08403832632157456,0.08800451512494092,0.07883272352236588,0.04229123861627787,0.06474013048516417,0.06593741042843795,0.06787940235532353,0.06600182897280528,0.05034811411671265,0.023955326485774114
2015-07-31,0.026032024801251427,0.027992752471794502,0.052955477694633185,0.043369909140310414,0.021062814556125478,0.032247281180171304,0.059069402501756144,0.060386451500330084,0.07435694732318295,0.0759626406251423,0.055832234843338435,0.04197576674475993,0.02261666117606944,0.0248840163070581,0.052344167768967546,0.042205218460918674,0.0160652899070619,0.017991785839305604
2015-08-31,0.04131079148038877,0.04185650931875987,0.049285885991731226,0.04221335836309203,0.037937959116441766,0.03162117037040849,0.06333310252237594,0.06361213178233091,0.06886858747071246,0.06848357557017894,0.061838844925942535,0.041155043028175464,0.03893142180161518,0.039544222854301314,0.04523592915602951,0.038552787599623835,0.032748980968508104,0.01734749833868693
2015-09-30,0.03381324078387699,0.03499892087849483,0.04919142770951529,0.042771588869910546,0.02369078335377166,0.031442516065383466,0.0780954498867521,0.07877311495441157,0.07592234298517453,0.08259042858342976,0.06698316221138426,0.04112382650043622,0.026696881762201558,0.028222403576878247,0.04388690987869864,0.03985952072305815,0.01332329741634861,0.016738296159632612
2015-10-31,0.05922670268957794,0.05866888803433486,0.05438925448640236,0.04973948213992096,0.055304415807824775,0.03336404042464546,0.10467143619376201,0.10381167830531635,0.08406007835775212,0.09273983934602806,0.09926938663491561,0.04234840182218689,0.05809446783642894,0.057490230870551565,0.047881413683047255,0.04654851177347873,0.050371099270017906,0.020200601735470357
2015-11-30,0.018603053007136574,0.022407098428640346,0.0468010678146045,0.04062861735333763,0.022710856837855908,0.031662725596599134,0.04599947138221459,0.04869893095738255,0.06780992820617117,0.07023178407552752,0.05313922394875026,0.041351063779697154,0.01797397391187875,0.022411985241516375,0.03798733182341585,0.032917083364903274,0.014821832591816634,0.016277854918986544
2015-12-31,0.015703980211744507,0.018113801512994535,0.036993350186072894,0.03248436248950566,0.012900372178279065,0.030050030990302578,0.013426248668552142,0.016030355825595616,0.05021432323751189,0.04528171184913968,0.01825496744964686,0.04073403300485266,0.002932715836334117,0.005987476425688204,0.02586599164689047,0.02232039518783628,-0.004684317775983899,0.016513938674395805
2016-01-31,0.01973134424833144,0.020804290735300608,0.03242594436378249,0.027473946638510143,0.015926769153057442,0.02177363675818591,0.011521280021200297,0.013295010485485807,0.04299158504910573,0.03686026153268593,0.013566421407910305,0.03767448789769053,0.005602027596802098,0.007086867398583141,0.020279946732717317,0.016738045404356673,-0.003927682619735685,0.015568521306917618
2016-02-29,-0.004874124347934994,-0.001775611715610019,0.022543923027859163,0.015230398754594154,-0.006190388307370839,0.02597846447796244,0.012708981207742609,0.01583470720057963,0.03670776226610034,0.04071095226756587,0.009325727678664866,0.03657948179026876,-0.016730288989780993,-0.01280270043512294,0.01039220086304962,0.006888019283039237,-0.023202935364961097,0.01381849960619992
2016-03-31,0.018384448332448483,0.021082106358378296,0.031343767132040026,0.03190853865840526,0.015895156370718356,0.02838796476901864,0.04005209436209636,0.042352217254989714,0.04748595913010316,0.056387803477510795,0.038749845854941116,0.03688793199398103,0.01413698233718013,0.017457167936133007,0.020856740008884128,0.028125900788810027,0.00904649957769603,0.014858674726430232
2016-04-30,0.005736334499738191,0.009313465668761532,0.03067498347449239,0.029914353974878558,0.007484004603257825,0.024578012463895713,-0.0003971091537131356,0.0030864061757348744,0.04031192425858515,0.040785596911533634,0.005443088777461486,0.036852884963570115,0.002512810748509644,0.006750311703181437,0.021198818065894194,0.025255484766014757,0.003570108792644789,0.017351377795453714
2016-05-31,0.025957531735250797,0.02647855141163737,0.0266066189583527,0.02593624131132862,0.024658830625020042,0.028977302099685888,0.007009535827864934,0.008266628604331916,0.033213250565293576,0.027151526081811872,0.010905524070027605,0.03663076310589294,0.021826967186876683,0.0224360242643287,0.018028163820299745,0.02271170783893029,0.021106417245196133,0.02658512651929894
2016-06-30,0.01879871838573334,0.020133276479548795,0.027955204285458165,0.026892777993240427,0.017971304651778007,0.032542130552902664,-0.007069688757576433,-0.0051089319010238984,0.0331712863540432,0.02358597182059187,0.0009152505409859221,0.03852924720570439,0.01519045789733756,0.01670927764549484,0.019575541543114784,0.023421677227708153,0.01604613563120995,0.026269299237483383
2016-07-31,0.0179290600242662,0.020339192018480202,0.02844114748050175,0.029986302035189025,0.014185887351516265,0.034690058828134314,0.013350180013092097,0.015815777578934494,0.03850531910682594,0.03675839925528704,0.011932999243924228,0.041650178876566635,0.01639113172686519,0.019210111192948628,0.022977375122172877,0.03144598820035523,0.013238339026566955,0.03651772233964427
2016-08-31,0.025010449225856612,0.02688557945678842,0.030972415046228396,0.033075767565926326,0.018787669597338776,0.03312443459897728,0.012533457172991893,0.014386779546502238,0.04008080805755126,0.03409590585832942,0.01563266775023341,0.041650178876566635,0.022878237054540645,0.025030604585185807,0.024418481711264657,0.033656876640641896,0.021208505672304177,0.027545829571720006
2016-09-30,0.03385165187510732,0.03463406588240775,0.02769516007750831,0.029450374824063326,0.028466593763884725,0.03265302483889629,0.02300896204210945,0.024004291385344836,0.03654516987646339,0.03201764560784809,0.020849946088475468,0.03672348978098475,0.0334810635612654,0.0343501631057362,0.02322067489606721,0.03240609206245279,0.02898717827628125,0.036076399162407555
2016-10-31,0.040921115956360055,0.03977363026653234,0.01959461202996014,0.019696852689982766,0.038745143858230885,0.03335391317810002,0.021613271333063025,0.021129941599411766,0.025513847059019497,0.017748653760224123,0.0242938900886823,0.03633354196507292,0.044144650118570584,0.04271654083458963,0.016688276210191262,0.024584301222569542,0.0459956949787256,0.03465948591127636
2016-11-30,0.0012336293415447439,0.0032398719639014396,0.017963108849873042,0.015039100447877832,-0.0017820095635382796,0.03296311020065994,0.008578247629123972,0.010350438395006576,0.025988489019665634,0.02386715655014829,0.007851013408662278,0.036225029801590196,-0.0003042633582119522,0.001987912337386842,0.017320599851050833,0.019460384261290396,0.001600192194830128,0.03346351885569594
2016-12-31,-0.033307207080498696,-0.029245617323301717,0.018716459471100885,0.00921989231854233,-0.0289626667568044,0.033695058775249816,-0.0260395559501137,-0.02269888622276344,0.02557162813598644,0.018291687452162673,-0.014104899494939593,0.041650178876566635,-0.04085929949333969,-0.0361469201093313,0.015938202378081894,0.0054305458630062135,-0.030484006310631927,0.03011215688185779
2017-01-31,-0.03152133466971824,-0.028257534346101138,0.013008732782502584,0.0030280445583150215,-0.026610402735407757,0.032738873661674245,-0.027437304625866746,-0.024689361868143495,0.019488805605018415,0.010718985417905606,-0.017825858148845297,0.041650178876566635,-0.04180599296826605,-0.03795663858720051,0.008999874408857852,-0.0021684738548225155,-0.032579658491540944,0.02853487220661069
2017-02-28,-0.013784978579221702,-0.013055864211920468,0.005553237059812021,-0.005277233670276726,-0.004273375225325414,0.032323537061213194,-0.029377637004009628,-0.02822861042929835,0.010010641474322832,-0.00428144184097377,-0.013191972199347743,0.041650178876566635,-0.019214802013018544,-0.01851125235759468,0.0009260365151894587,-0.010886959544429003,-0.005746605653754306,0.027143823747437627
2017-03-31,-0.01775793472362381,-0.0166755839643401,0.0005490006958813742,-0.009245629563188435,-0.007365778975474042,0.03075701525163975,-0.03147156032298819,-0.030159856670013432,0.006149084843847644,-0.007305067991845594,-0.016790227032241277,0.04262200371318148,-0.023901943756642372,-0.022741863286792872,-0.004879189898123262,-0.014568165524262818,-0.01155360806225059,0.026635055669032612
2017-04-30,-0.02128342844524001,-0.01939440443379981,0.0075351996984689765,-0.0019806750964163136,-0.014087940081021481,0.031720245244584194,-0.025248858221326748,-0.02345894260519006,0.014590416100577173,0.0032322154638506594,-0.013896560957846804,0.04168538395587351,-0.031190135529069307,-0.0289825968345389,0.0021379998695704276,-0.008085627246773457,-0.022172774805447038,0.027263389710391325
2017-05-31,0.00387973846494139,0.004452862256390345,0.012945351651572411,0.006854748266304002,0.009470208500802416,0.03241161470462963,0.001159575887895406,0.0018007511130221435,0.02109754334993441,0.01153258542959968,0.010738345466494062,0.04262200371318148,-0.003749969969192541,-0.003103682373728503,0.008064548623449677,0.0021772948411257678,0.004230443858819811,0.028035691791980913
2017-06-30,0.01908555581021043,0.01909765229925629,0.01900224754687793,0.015350834169535272,0.02124287794543107,0.033246249442091924,0.02415806448424184,0.024173037140231047,0.02824487079149233,0.021831688323833476,0.03011303510021671,0.04168538395587351,0.011562683712306265,0.011568825763730485,0.014916743991317514,0.012107683303494089,0.017808286191819244,0.030145314595322062
2017-07-31,0.027884410179848697,0.02743650790785224,0.02333110559215118,0.019554711924353905,0.03148745213347391,0.03380925777565931,0.03311976197221016,0.032804347910119255,0.03322296336672499,0.027606212792028476,0.03851221428182516,0.04262200371318148,0.022020930109706807,0.021480753602248413,0.01938953022561255,0.015489541240315144,0.027465934748752273,0.030085789475645407
2017-08-31,0.016161708745571025,0.016516012771287274,0.022406733148405664,0.01816209380016894,0.01950476729322533,0.03493034865062993,0.022762059775247038,0.02301950747707934,0.03218377190780778,0.02573559308411091,0.030950163221558483,0.04434612157047457,0.009508350832625535,0.00992071997527549,0.018845969082347782,0.01425616809721801,0.01711820198556268,0.030154830501012773
2017-09-30,0.029111975485799798,0.028704280486212166,0.01974499212034932,0.01909222069836107,0.030684306073876358,0.034256428845229815,0.030990099050453475,0.030743603084029986,0.02885886895980399,0.022604768713347483,0.036105305695107684,0.04434612157047457,0.026391200247063408,0.02586855590891261,0.018080752959473135,0.01887539147405945,0.03173944717327122,0.031059631184635974
2017-10-31,0.015008174288537946,0.015068622520437622,0.015589138871392856,0.013010997187616433,0.020201656268104676,0.035636160475611744,0.012731768586719636,0.012912239452669387,0.0244772538745279,0.015336225877057262,0.023794933088646192,0.04434612157047457,0.010161928617970207,0.010177173515508607,0.012629418007338024,0.00916672912506775,0.019087494237930113,0.03033260163628468
2017-11-30,0.03079436773490047,0.030167859291899655,0.0190142037557446,0.01921801323486784,0.03633238081164615,0.036321278066564024,0.02588568599185606,0.025547175354638567,0.028752814512277937,0.02074916250737829,0.03433091883804765,0.0453752191924357,0.025914604246452075,0.0251295636985287,0.01613466914380743,0.013511277063483042,0.0322811049468155,0.030454333280703808
2017-12-31,0.03023688836151269,0.02961876501800301,0.016418399124804823,0.017821723774564573,0.033727160962483745,0.035649880788838906,0.02032835860822809,0.020063299714196473,0.02605710199318451,0.016694324379008984,0.029524755641749147,0.04583926593169396,0.024077372963070328,0.023302968761481697,0.012458963700127095,0.0122068430623015,0.028851779925912577,0.029800201459085573
2018-01-31,0.03479710784738625,0.03399347228905894,0.016984499449344385,0.018885689263656733,0.035898451619195644,0.033586509268636065,0.029967699888278517,0.029500305778810534,0.026943338088106807,0.019704153940605342,0.035122152630925094,0.0453752191924357,0.02891227858146282,0.02793599586813448,0.012957998157584343,0.014609350377168935,0.030753522062650362,0.02885582053617933
2018-02-28,0.013230719770580117,0.01372527460970868,0.016068357065443666,0.013797400811408863,0.017908808451244658,0.03351550981928028,0.005377066515832744,0.005884353103573176,0.025974529413552168,0.014728542890788607,0.015433049883278482,0.04434612157047457,0.0057057787110678555,0.006279916359915951,0.0103670067579965,0.007558686147989602,0.009736653755093909,0.026255951799320595
2018-03-31,0.0004612601537729716,0.001616790494811244,0.013991508289773316,0.0103991228586096,0.0038857052292074305,0.032183973021970846,0.0049027465583386665,0.005940545128055513,0.02366980383779684,0.017085652613085117,0.006655961951620326,0.04434612157047457,-0.008177911799375277,-0.006774824842122107,0.009285237570185182,0.005385388582829848,-0.009071125051447589,0.0262646504447381
2018-04-30,0.010918348298590026,0.011345179456022635,0.012964455888820746,0.011001188411825447,0.015048493319323966,0.03291921254100397,0.01708270403061614,0.017491581149867482,0.022672374426885543,0.01833207216813283,0.020654679664660384,0.0453752191924357,0.008528178039719106,0.008990964731941912,0.009887481196935739,0.008766420843972497,0.010277953261322952,0.027490073171731102
2018-05-31,-3.4716530554451674e-05,0.0010798050126992545,0.010916442233782686,0.00858684607290184,0.005911012282074579,0.03446448839098956,0.018172602056313422,0.018840692272350867,0.02041803419391826,0.02010666172897159,0.023119904000124765,0.0453752191924357,-0.0044190854917454565,-0.003099313199305769,0.007786209697122725,0.005292549970904828,0.0010185968085603646,0.02643058533586626
2018-06-30,-0.004712549376706246,-0.0036399724062355296,0.006022803986506878,0.0038065034639438618,0.0035058817826621284,0.03394266362819636,-0.00552809670634348,-0.004630862886900386,0.014810700152142774,0.007990176951679313,0.008117284303544515,0.0453752191924357,-0.006192042652347577,-0.005006656951435939,0.00379976372977368,0.0003114492095214749,0.0026041600489457722,0.02680142120374551
2018-07-31,0.014504654518576934,0.014345203131221475,0.0062317938382339365,0.006762802912400967,0.019975841038023922,0.03389496168969994,0.004381552011873995,0.004528294119707479,0.014935262551572265,0.007063347577449079,0.014171112971267129,0.04583926593169396,0.014180971256861921,0.013901936572186802,0.004062813507123366,0.004056174814564342,0.017954945735476617,0.02826060524515698
2018-08-31,0.010305232414298902,0.010056870840893383,0.005085613208494395,0.003987295875629827,0.01525569074244037,0.03380827601967178,-0.0025504076049264607,-0.0024497116509079736,0.013421738194876447,0.003053147801606128,0.010526723092359927,0.0453752191924357,0.0063531142288079205,0.0059840030199603406,0.0007029984802335368,-0.001383176682080784,0.012499992871141783,0.02625262649846057
2018-09-30,0.01635350133232954,0.016215356919280582,0.008283912745067375,0.007981938933407273,0.019261479141368477,0.034141948676652024,0.004394851402648357,0.004451865175377857,0.016251257479870506,0.005934747639490225,0.014105244123374501,0.0453752191924357,0.009955943936680551,0.009766372240424828,0.002749003201862117,0.0021501856094161137,0.014520646599174819,0.02658598169773497
2018-10-31,0.019366252343406082,0.018813479282966367,0.01253660986224805,0.009166212444914326,0.021994700750453396,0.03291554328400453,0.01348306243679193,0.013223813829715565,0.020692878569264994,0.010413701297419711,0.02034511666342213,0.04434612157047457,0.00896980274310744,0.008332095840726384,0.003392534352217409,0.0008118075831783714,0.013471653290998364,0.02638416266955578
2018-11-30,0.0003146601966040191,0.0010858472148090222,0.009656870040502712,0.005601292313255707,0.0069984618423760275,0.03158760285976113,0.015465626419013816,0.016085124909034028,0.019831932996444472,0.018664553770318587,0.014023939842194692,0.04434612157047457,-0.00924147722568968,-0.008195076717883429,0.00013993337283549345,-0.0033001254410442334,-0.005602720956947617,0.02545698961116155
2018-12-31,0.008957118391682218,0.00991304477205306,0.015795230376641538,0.0136059858473027,0.0171526236876579,0.032487007537779514,0.03184424917192197,0.03225537972553777,0.027610772628795122,0.030306723045778076,0.037755242084852286,0.04262200371318148,0.0034858205531369275,0.004700135237060556,0.007935049883552422,0.00688185102867267,0.013531088495708148,0.027061337451080313
2019-01-31,0.02619889606951828,0.026605866155855078,0.019068385464508536,0.020193788407116966,0.03213320142568421,0.03286520638692587,0.061829666621717426,0.06183401246802961,0.03574295927777649,0.047101459362139886,0.055625034629658746,0.04434612157047457,0.026906490814824265,0.027505217223218435,0.014478189626789664,0.016468641316556724,0.03162168883081887,0.02909726511721456
2019-02-28,0.033388535119679666,0.03423897416865129,0.028525001266340735,0.032812081830029254,0.04292813789918415,0.0357188061785746,0.034083486942080486,0.03460737303750841,0.04168825029278552,0.04260710112852696,0.04971074538393517,0.04434612157047457,0.03633879130252454,0.03743886849478205,0.02567546795505016,0.0303533156037816,0.04813345991495577,0.031269848878790946
2019-03-31,0.024124101607028527,0.02521258910750785,0.027708601492148863,0.02991556167741734,0.02901910906379279,0.03412680972816074,0.022718063800582278,0.023547525707708582,0.03948670388225709,0.037568984280972155,0.02849090250610335,0.04434612157047457,0.015592221601949957,0.01715746681779015,0.022766641409219447,0.02401380372117427,0.02053649804368578,0.030428856346559407
2019-04-30,0.03738780890795575,0.03669298050156896,0.021455515461620986,0.024301634621693675,0.039261463469517414,0.03440559439269532,-0.0007007052127399882,-0.0004543079948320268,0.026236277753234144,0.013109888106088992,0.005621679550362357,0.04262200371318148,0.03488224944797187,0.03406915764010242,0.01708010615382747,0.020028324343760305,0.03918431472068293,0.030859332728646837
2019-05-31,0.01661816791971356,0.01726186354782883,0.019382517014932075,0.02040586504041653,0.020095754670572327,0.03286989626917214,5.1056446195390376e-05,0.0007685981523941343,0.02611227425966567,0.016746900778125164,0.00849154720296352,0.04262200371318148,0.005971720633733432,0.006895305969942325,0.013955261098362237,0.013873749682357602,0.01090157341424055,0.03004018553644674
2019-06-30,0.02459254244294004,0.02575312744098139,0.02322059807466153,0.026718432920764375,0.026420152833031233,0.035730963472316614,0.034413227734023645,0.03521661625324689,0.0359244841239697,0.03733997697669624,0.028622463311737775,0.04262200371318148,0.011413494488002104,0.013233022867108972,0.0193533740291838,0.021448355944345864,0.011072590123580774,0.0324882914858673
2019-07-31,0.020357371002763892,0.021650329109083925,0.025339507429326953,0.028977254320929506,0.023395741654932318,0.033729340076973695,0.020081310920493138,0.0209789229555204,0.03593541587852857,0.033204396306138334,0.02974766024574986,0.04262200371318148,0.00811563125277442,0.009901590908523933,0.02126448946942756,0.02325415028692393,0.014824479952147137,0.032068021044573305
2019-08-31,0.019802418598644126,0.021185188573851464,0.022643492867283645,0.026510994948612237,0.018302568240430448,0.03332455659914077,0.026061709246419467,0.02693918605584522,0.03384058490194402,0.032835139935935245,0.026714599668470194,0.04168538395587351,0.004722900350068983,0.006722557243577896,0.01785500520832546,0.021082270753709415,0.004650628425295827,0.03126978365805222
2019-09-30,0.03728032148337078,0.037677363051703966,0.024508548165729484,0.03191130138782253,0.031136395226992644,0.03355596771597682,0.02774473613929079,0.028260107753355777,0.03397701910593426,0.030023246479022825,0.025242089449114827,0.04262200371318148,0.029345860648261515,0.02997629667611802,0.022903961971117916,0.029928258639666673,0.02773786735104594,0.03385578256980402
2019-10-31,0.027540659249853404,0.02888591528981451,0.025808503068669185,0.03373749043771139,0.02623422104022919,0.03593997632826657,0.037081986190856044,0.037820761441597094,0.03775087195822436,0.04041309741705204,0.03858749449086327,0.04262200371318148,0.015934217042689443,0.017825825558526482,0.02531590724709379,0.03047749709796455,0.018198769389802083,0.0351689772976377
2019-11-30,0.03786484213063912,0.038412759118616954,0.025184577672146477,0.03300935133805734,0.03846810556447305,0.035847158318365754,0.0441721566324563,0.044333431443294775,0.03659424937697123,0.03934414734689903,0.04689032652260426,0.04434612157047457,0.025636892406669137,0.02656494511690129,0.02472847616051855,0.0286601505332168,0.027126326447964075,0.03499132581870723
2019-12-31,0.029549577042343747,0.02953830749889113,0.018511026637328103,0.022744398885766605,0.028722810147445394,0.03517494865027752,0.020633899254416454,0.020779707426605957,0.02632038522688237,0.021473841636064202,0.02835298089559939,0.04434612157047457,0.020333713657019623,0.02031825902869091,0.014413716727070073,0.016519935824676764,0.02489229526055087,0.033703571441570504
2020-01-31,0.031949525734210275,0.03067365774759822,0.013153963775730608,0.010561443619232221,0.037964323497332295,0.032037704548673225,0.01811180231248775,0.017588892870854703,0.019589525589797728,0.009729022341312454,0.02726291287369495,0.04262200371318148,0.021163482063171712,0.019481739380156002,0.0005548505472329091,-0.002365763572262345,0.034208062504266,0.029909427254272578
2020-02-29,0.01694877753245004,0.01649385627301113,0.007572504922926611,0.0024456588162428128,0.02370810787212062,0.03130649835022907,0.01413503078538961,0.014028184468725433,0.015195816883823685,0.006773484253982311,0.019711587083595404,0.04168538395587351,0.0015602570759997245,0.0010012595010098092,-0.00803973172451581,-0.011945555149591834,0.02049199756812479,0.027913381360160052
2020-03-31,0.021084214807233513,0.021238191378542447,0.012261539516886334,0.008470924251915162,0.03065691436906471,0.03198085193503773,0.046696131551994896,0.046712145225632995,0.026366134631128843,0.031432309674315345,0.044889693518127285,0.04262200371318148,0.0037718826472676534,0.004153594981838234,-0.003823933489781944,-0.005415880676768065,0.01994949099228274,0.02998976972252518
2020-04-30,0.07537060394414934,0.07478644749596079,0.027864545709156523,0.034240938672353644,0.0785576996048421,0.035201684602305,0.13254363071585673,0.13151099752038295,0.056266778957929614,0.08187441726682435,0.10796343850262184,0.04262200371318148,0.07333584406423256,0.07299218331990541,0.019905043408373856,0.03374454010478427,0.07235297201426726,0.03452121471285061
2020-05-31,0.29079414541323273,0.28144476784477657,0.04882199505426976,0.07830536700932533,0.25212985887008815,0.03786777288512971,0.2808817914606382,0.27278313669281257,0.08081919223989109,0.09501842731478102,0.2294558488048614,0.04434612157047457,0.3436118784624958,0.3326826863621344,0.07007813315387017,0.13015383253489812,0.2891955805228251,0.04134258366117524
2020-06-30,0.22808374242139523,0.2230218466841724,0.053144681431218505,0.09569245641539614,0.19465893877121074,0.039606325327153136,0.23803235776321702,0.23355381316551482,0.07751934509593911,0.10749143376558522,0.19942907983608965,0.04434612157047457,0.24070148557919302,0.2352057679271166,0.07147012432922735,0.1113267085657747,0.1948956257523241,0.0432385450737726
2020-07-31,0.15243444681640872,0.1491773532325069,0.04478977602405775,0.07492541881265782,0.13426756240786947,0.038116562779989684,0.1207461000031172,0.11883879651740598,0.04842829627178843,0.05635622179438489,0.09523917641453442,0.0453752191924357,0.14939458501289501,0.1457480343694087,0.0534812812250182,0.07366344911877784,0.13115355761629002,0.04568492926034722
2020-08-31,0.09540395752923558,0.09499642441971991,0.038319444212249795,0.059235322184737614,0.08382159882105883,0.03731139335459171,0.0989976978797237,0.0984322975664367,0.04967752117515393,0.05774546619242413,0.07598222180011018,0.0453752191924357,0.0866519942095586,0.08651653990239953,0.045357175100402464,0.058522440747022265,0.0637863916278329,0.041417470277954865
2020-09-30,0.053171177172740475,0.053813862332912826,0.03300483380331219,0.047150836599673666,0.04339457570482981,0.03649473981487968,0.05184530188319168,0.05214379963400577,0.03949011573390289,0.03966373787319594,0.03710109185980511,0.04434612157047457,0.049863539621357755,0.050818486829248166,0.03960768682790995,0.04897286178271866,0.03747010578463646,0.041778127267212924
2020-10-31,0.08205986539197123,0.08145856914155492,0.033140409761677314,0.04713579030562169,0.07589676366261541,0.03744057351078973,0.09510671531468964,0.09449882750794154,0.049301322480050466,0.05661854118965397,0.07393093680252373,0.0453752191924357,0.09752858799764218,0.09674357856965717,0.043004039211397255,0.05853639925409461,0.08318549279169088,0.042922472272577415
2020-11-30,0.07298994813262216,0.07277650012931262,0.03804469367085485,0.04959427135218464,0.07076037635896965,0.038198045108957385,0.09920275210130436,0.09873228378508059,0.06009577906158771,0.07133644791569346,0.09024119828087152,0.0453752191924357,0.08601421489512406,0.08570801646828996,0.048821693517823714,0.06421210352724832,0.07835274092007807,0.0417746370230313
2020-12-31,0.035203127886185376,0.0369523055862017,0.03921821816416436,0.05067653245472373,0.03127420905059973,0.03837207961116587,0.059661439519399104,0.060276070057613235,0.05653089791449992,0.06351036892955163,0.06302662607863181,0.0453752191924357,0.03800423022612847,0.04013008870488409,0.052634898440885855,0.06075002832564573,0.027038152557788245,0.04224442695580828
2021-01-31,0.032341635967900385,0.03377806897697023,0.03685941068160762,0.046903789768926646,0.03007703651372437,0.03858380579730732,0.03150660081753397,0.03243956476963936,0.04298050669032783,0.040051786696505255,0.0235981864868461,0.0453752191924357,0.052105979287085435,0.0535459974569024,0.050594682629306914,0.06177043773267349,0.04016319182557852,0.04166767661544163
2021-02-28,0.03688771041443431,0.03783818135620336,0.03715004108019368,0.0446802297060514,0.03637777519822867,0.03837554725894161,0.02619614596672432,0.027003288230188223,0.04014431451240165,0.033244224870077284,0.017007883139390213,0.04583926593169396,0.054376941035141665,0.05535901292826245,0.04758171440167029,0.05585458196902339,0.044185069629461296,0.040420617997855984
2021-03-31,0.03590730281469018,0.03671455977499559,0.03211512754343798,0.03564487482685384,0.038318840777144564,0.03722179152399933,0.04247674351940722,0.04286825352380294,0.0418565424436425,0.04039674404403762,0.03687839001774966,0.04583926593169396,0.037337282873587105,0.038453263796389456,0.03804791601014011,0.039910373429243085,0.0271744875517005,0.03770226875011157
2021-04-30,0.036856615385200985,0.036320344455203726,0.01473423671291952,0.013070979675318346,0.0432242437572075,0.0341030216614656,0.04262328648513672,0.04215137862999247,0.02408982807725168,0.019993982883625454,0.04243582270191143,0.04583926593169396,0.03328553386468955,0.03280406433961211,0.01705588777793656,0.012186056763772818,0.027131821150330616,0.03404029217269893
2021-05-31,-0.016547598247702255,-0.0160202194004368,-0.008917071640165971,-0.013275143234249512,2.7096950332476666e-05,0.03000242076669524,-0.020712349005847466,-0.020161086912555144,-0.00480131734478139,-0.015456796195104774,-0.007662619825869799,0.04737860356257784,-0.028424167220858942,-0.027704934687539318,-0.008746754611394524,-0.0167338138078407,-0.015993470717033956,0.03127130847764934
2021-06-30,-0.02896709625882493,-0.02851574046958353,-0.017478464095217118,-0.02365172466390909,-0.008097673261715711,0.03340847548806653,-0.027216127055751452,-0.026626076175394628,-0.009986898491698558,-0.020087151099444638,-0.014685378911716979,0.04737860356257784,-0.04110541646792609,-0.040660311112388915,-0.022188824596617734,-0.031186744354773994,-0.018741424813805273,0.024220073370044698
2021-07-31,-0.0329626442389703,-0.03257196254766492,-0.0209230357748049,-0.025963573109152656,-0.012429989319890485,0.028189636173487628,-0.036258848732252935,-0.03565587853606876,-0.014338528392402794,-0.024958542028770715,-0.018995302430659833,0.04737860356257784,-0.04714076617100203,-0.04682188134686399,-0.02820721164708215,-0.03526292250524447,-0.02107890039697642,0.023505635882530636
2021-08-31,-0.025625522218984474,-0.02509757497256397,-0.013853805645312963,-0.018452506665985576,-0.0036639127754692705,0.033130881213527835,-0.019749083916922525,-0.01914499666928425,-0.004362986832266366,-0.011117296868701831,-0.003182779173037692,0.04787618075512512,-0.03812454627187526,-0.037634376622673986,-0.022123959766552938,-0.028099401193384294,-0.011906891013680192,0.029918195732161427
2021-09-30,-0.037150620419813415,-0.03632257770166726,-0.010814507135369418,-0.01616404331121554,-0.015614694756537068,0.03264441988006572,-0.03718326287420751,-0.03623805666996531,-0.0017356463341036132,-0.011023518831085273,-0.01576507617452602,0.04737860356257784,-0.05368416188001635,-0.052858238338741266,-0.02235200022304341,-0.030420822394967097,-0.023811566558505547,0.02459732149696447
2021-10-31,-0.024313948736702364,-0.023901835719003454,-0.007782322288564375,-0.015438559767094986,0.0002518442103216917,0.033686100349819906,-0.008875836114754058,-0.008388450455115756,0.003543270197537411,-0.0009699373139017142,0.006849195283026022,0.04787618075512512,-0.04460786119753548,-0.0440918061229894,-0.02637509532615135,-0.03737297034009025,-0.018140597331512177,0.021792058176229277
2021-11-30,-0.04688039568312233,-0.046406604598234785,-0.018898216462451826,-0.02824935402817993,-0.020826430832392752,0.03103835980509563,-0.0516620480183429,-0.050934535319466415,-0.01472163326968022,-0.026489511908638602,-0.023744013845190405,0.04737860356257784,-0.08475503174610671,-0.08404933335045821,-0.047228988126998876,-0.059712870301284235,-0.049095038559527016,0.01390700891548808
2021-12-31,-0.06934899860086172,-0.06796206080191143,-0.026898742071382143,-0.03733533483834766,-0.03826245479475134,0.02441203407318184,-0.07390826310201631,-0.07247663084047265,-0.02993344199769763,-0.04010180840542279,-0.052661562571724,0.04583926593169396,-0.10258201905194544,-0.1009218735493013,-0.05946278186378763,-0.07233162580227065,-0.06614382636417321,0.01148351904359798
2022-01-31,-0.08209724238562409,-0.08075997858768687,-0.031491324489281484,-0.042446062788763395,-0.05373548480488507,0.012481283180522457,-0.10925759967377335,-0.10754667219877631,-0.04211129798571726,-0.05881417036249721,-0.08746166724554474,0.04583926593169396,-0.11645675504912799,-0.11492399240646294,-0.06613930049566855,-0.07896507260618545,-0.07724300466344577,0.007191424019788284
2022-02-28,-0.07729873974269223,-0.07599234331624646,-0.041420243398324535,-0.052895256267444686,-0.04584580798795805,0.01049100347310511,-0.08005922814387487,-0.07871610300321172,-0.052159460961182444,-0.05903505001285461,-0.06939285072381851,0.04583926593169396,-0.10157280619311597,-0.10007928695637999,-0.07506569936746611,-0.0863076588652367,-0.07047192684195194,-0.007882085727100495
2022-03-31,-0.08676305113957716,-0.08554225567762647,-0.04613270825705677,-0.05762794278391142,-0.05801080042240237,0.006221489212496524,-0.10082839528951931,-0.0994155950245259,-0.06305904236507283,-0.07019430852938792,-0.08556313116011244,0.0453752191924357,-0.11432413438232902,-0.11294920228500652,-0.08222593082268698,-0.09225743426231339,-0.0771366442430028,-0.014603998146095084
2022-04-30,-0.11727000692052804,-0.11569447773297283,-0.06721479135003156,-0.08170056182640634,-0.08957115666915702,0.003071070063699867,-0.14468749571834336,-0.1429556851436006,-0.09357858706027097,-0.10641886440796536,-0.12006340761763874,0.041234090533608846,-0.15055223274124344,-0.14876665434487252,-0.1061533391247865,-0.1161126649020865,-0.11621904337104681,-0.03141130305334133
2022-05-31,-0.0966938225581079,-0.09578067383765072,-0.05822725512267593,-0.0731879699916603,-0.06410706562050239,0.0059287841888609714,-0.11286457355511789,-0.11160594287710374,-0.07858143883436108,-0.08867705580435098,-0.09728567934693629,0.03859456945002402,-0.11345451604628135,-0.11256263988951004,-0.09355397309704594,-0.10600872254112803,-0.08459553474426552,-0.01424680133536492
2022-06-30,-0.11213483478107049,-0.11102423551384409,-0.05932669597125886,-0.07504770434578753,-0.07917791422726783,0.0032399410946482507,-0.13526138734244006,-0.1337557320316899,-0.07961691790224723,-0.09173106435219763,-0.10401371113490385,0.032802221629461066,-0.13125541270891292,-0.1300977428166942,-0.09097748563327443,-0.10532958973704433,-0.08587974380303885,-0.008681380466928325
2022-07-31,-0.10339518904007633,-0.10242755019162252,-0.06361575065391198,-0.07921116267583317,-0.06876063086951982,0.00047591067634174256,-0.10553858457574175,-0.1044243634862857,-0.08108123319773089,-0.08596480907713341,-0.07781619494374652,0.029718566575463436,-0.1107540918984248,-0.10987149405779453,-0.09204454738557215,-0.10381710543999596,-0.06631049349659984,-0.011277337281069999
2022-08-31,-0.10457609652856953,-0.1033511669641573,-0.05392309134684249,-0.06612532989972032,-0.07671413722332487,0.003069229126050229,-0.15157143018911332,-0.14985993923191818,-0.07789657735228672,-0.09621669417540271,-0.11721149145537033,0.009877967778264045,-0.1146946195304441,-0.11339238192309908,-0.07415058404228289,-0.08038401132152424,-0.06782631977099693,-0.010830527798450604
2022-09-30,-0.07924640415010145,-0.07829637603799079,-0.04775033375368039,-0.060092017129263764,-0.05241266142743346,0.0048058666080177115,-0.11380372398078852,-0.11252350899860782,-0.0709013883600163,-0.08661742208606553,-0.09210712852256285,0.0108644010331208,-0.08069824415979651,-0.0797746612373746,-0.06567841729838571,-0.07132807236733837,-0.04751801620969582,-0.008003982393085057
2022-10-31,-0.061449780032975264,-0.06130664130824517,-0.04446123902741922,-0.058066499475972345,-0.03534582222528064,0.006094782086220447,-0.09886637452707249,-0.09813093345148162,-0.06930911807173658,-0.0857235203155825,-0.0781970339470783,0.01103118563154995,-0.05931372953371686,-0.0593295354383952,-0.0610313635546652,-0.0676878021538106,-0.027064141963662976,-0.00035430065700342225
2022-11-30,-0.07037657890780923,-0.0690785385160559,-0.03619082733493302,-0.04646617740379742,-0.043357354189456694,0.01094564138452565,-0.09684466390455274,-0.09563409727281985,-0.05629848463958289,-0.068835822427089,-0.061745264379676264,0.020252054593531472,-0.08398908768161029,-0.08244143383546969,-0.04860240018075343,-0.054374396205075635,-0.04371806624490272,0.0020027073563946736
2022-12-31,-0.04191770083995548,-0.04097104527986961,-0.026924141934595046,-0.03206962995509419,-0.02138155821006023,0.011182729862950123,-0.07032591233431239,-0.06944577157259203,-0.04304860045955117,-0.056418979989467,-0.04749604670739541,0.016883537170202276,-0.046199320965306385,-0.04516149511644676,-0.0334623942720928,-0.032707041474700674,-0.02005292582323101,0.01128987473034834
2023-01-31,-0.022199990955763402,-0.02180201119835621,-0.018359193081494928,-0.0209604845224158,0.0012279972349595256,0.017528755230442176,-0.04162749256080187,-0.04106396177006887,-0.023673846733323074,-0.03279924885391343,-0.0371695319155565,0.034899576284107385,-0.021759324154937688,-0.021388384753101945,-0.025392025757654424,-0.0261648711897389,-0.00038145692486347277,0.012157394750807179
2023-02-28,-0.02196993044495242,-0.02128034939004879,-0.014001201941635965,-0.014078293563135898,-0.006437365727633454,0.026943283316290846,-0.035795795252148786,-0.03533563656257232,-0.01587928715148619,-0.02226497521108709,-0.02329201741767202,0.035037314090785115,-0.038866113464590804,-0.037989071296085065,-0.0260139113671578,-0.02404283460636851,-0.018316799581587332,0.013201825502654044
2023-03-31,-0.0023144833641772465,-0.001956238508099957,-0.010431899769650685,-0.008990226918473468,0.01535551387378293,0.02766717689872137,0.010993601952282252,0.010642875764450034,-0.005622953850583923,-0.0038737310041792594,0.011182392633575334,0.03891251841783992,-0.024939696823746704,-0.024278036825030002,-0.028064764694044887,-0.02473381277332236,-0.01617643878787423,0.01301324536776852
2023-04-30,0.003499889331996308,0.0038263122714340472,0.0018197879736976674,0.003771446774329265,0.01609493534976645,0.03098334065584671,0.0009106080526796942,0.001014937344735213,0.009076722048293528,0.0069050714635948,0.006022162930465182,0.04093296722511191,-0.017440687593210005,-0.01697285940335825,-0.01501433636787099,-0.012403746604217995,-0.006831230648514031,0.01595814589690814
2023-05-31,0.011078643865642529,0.011143977648493675,0.0028996824697527825,0.004676182404038387,0.02276508169799864,0.03292388839924147,0.027050681331814763,0.02656150195297756,0.00975106922653917,0.013960639854379502,0.029153141660591086,0.04434612157047457,-0.009988532595863141,-0.009758255931386777,-0.013997845627573894,-0.011431463800405349,-0.003182007763981084,0.017078765107372475
2023-06-30,0.02790562537837535,0.02770043433308413,0.008777424121707296,0.014399300152874142,0.035387213739038345,0.036523494674246974,0.040337151262824604,0.03975520947277617,0.01886890687750957,0.02549741100535999,0.041528383892920316,0.04434612157047457,0.008706580957593548,0.00856394852623166,-0.0059778634940801,0.0012558497731842908,0.011664487864609656,0.02090714059257221
2023-07-31,0.04561276607313969,0.044940257412581494,0.013855459857410187,0.021288079941299935,0.04277715626066733,0.03657493357452198,0.05316810357791081,0.05242072322356023,0.025963433259938367,0.033308644822347536,0.049952406863305016,0.04434612157047457,0.023411839599503537,0.02266555607708299,-0.0020279001282520227,0.00917712499113686,0.017469361249731332,0.021149575560108838
2023-08-31,0.025748022196080123,0.02546659565829384,0.010056838755395696,0.010594416425879197,0.02681765251046477,0.03431011850982483,0.028131156147964832,0.027602087845105615,0.0204402063615421,0.017486647191919048,0.026326033558043183,0.04434612157047457,-0.0004085628317331419,-0.0007136138232080175,-0.010313892862218385,-0.007738475856408319,-0.002341856181805102,0.01819977233697697
2023-09-30,0.02470918496191501,0.024253516898289678,0.006817470513638103,0.005520231165262374,0.02970435527733641,0.03301505597823497,0.03319257665087412,0.032546330963873285,0.01633919185985396,0.013999714579261531,0.03233531868273924,0.04262200371318148,0.00019732815070275245,-0.00029195667162632694,-0.014559895875493986,-0.014680105548831549,-0.0027460495148058026,0.017388744568065877
2023-10-31,0.022646719172796335,0.02204641066356531,0.007066962618329689,0.004730484906460015,0.03324404105241434,0.03583622105520437,0.04955474191808179,0.04869269527352859,0.01954367129364208,0.02224101690848665,0.053657614466030304,0.04434612157047457,-0.003462711315140369,-0.003961625762143383,-0.013704130852234826,-0.01603136785280876,-0.0022210110254011865,0.01633893607232552
2023-11-30,0.022714379058020043,0.02232185480813118,0.012484728260645245,0.010510676041630616,0.03540152527653789,0.03643384126638551,0.06676132893627627,0.0656946107344836,0.027983488678634462,0.03564558128701853,0.07462309712279573,0.04434612157047457,0.0003736208864226903,0.00018380029046511162,-0.005749734497213943,-0.008605513048991806,0.007510562191177746,0.020882313386341785
2023-12-31,0.024205931186766477,0.02415067005290644,0.018032521885856072,0.02156630795205497,0.03260433079469508,0.03721334285951365,0.051682621682467414,0.0510108403389348,0.03291296527580254,0.04255450455786152,0.05696066838511174,0.0453752191924357,-0.006802841262214934,-0.006530146255216293,0.005473904729027715,0.004687398675436971,0.0004867817758282822,0.023112242665884894
2024-01-31,0.039327828920665386,0.03894629072877747,0.019247936493151298,0.024870750870574297,0.04288728963541792,0.03719261506962923,0.03643551594939921,0.03627840242645039,0.03192512874817046,0.03531526360191041,0.03709479342067566,0.0453752191924357,0.0068524565134323555,0.006636561995325033,0.008058512077992115,0.010041249553418195,0.0013132305717396507,0.026232834868106035
2024-02-29,0.04027649084619907,0.03993656108456217,0.020937508458734017,0.025990026147598436,0.044625923282722094,0.03791120876041623,0.03302769953491281,0.03303350842436138,0.033877694112921165,0.0343945387409197,0.03285049447726099,0.04434612157047457,0.015359543189393567,0.015087093127390514,0.009499579263194273,0.010731480226188223,0.006225509837478452,0.026656944881464167
2024-03-31,0.04148603019467535,0.041143657727907915,0.020500344902887747,0.025471656119575012,0.04565871490458947,0.037860972114906265,0.04350153332890011,0.04311251227316123,0.03293562743756978,0.03600464955471297,0.0428670441016034,0.04434612157047457,0.009422011740112316,0.009264881159029285,0.007910805824762107,0.009891061590965292,0.002903244578189239,0.02217349915694778
2024-04-30,0.035492447731535995,0.0351761962500769,0.01721470158533199,0.01934295366800716,0.04055693235711248,0.037438572608851355,0.04688654681858204,0.046233219186270894,0.026558048219761904,0.029797934605136793,0.04780470919558348,0.0453752191924357,0.0033298052050031827,0.0031861511350532827,0.00019356339548762258,0.0006873438439980034,-0.002035633156996817,0.019549482283846287
2024-05-31,0.04471597046738041,0.044127299351671936,0.019695299672699666,0.021096727401596183,0.05382963418720364,0.03911597407689387,0.06396312045336938,0.06319102766900822,0.029531196100928324,0.036843598006269296,0.0679885669491435,0.0453752191924357,0.022175098741216023,0.021653477187014568,0.003292376999111812,0.002858103787499563,0.015993912720374006,0.02099295643816316
2024-06-30,0.03471789277492729,0.034347550878442205,0.019884647939725934,0.02190432998137015,0.04136896006035692,0.03898456539225074,0.05097419117744198,0.0503357176998496,0.028561827865561724,0.03556279682716153,0.05700406927999287,0.0453752191924357,0.006214728238595587,0.005943174417562459,0.003568645462150386,0.0034084646371132423,0.009053929119467213,0.02644517312952057
2024-07-31,0.03815644398139247,0.03781741223623643,0.021102271788658457,0.02409362879547488,0.04389343569059043,0.03889308427705496,0.056296523414916595,0.055519644947633465,0.02942116736470199,0.03617214639900165,0.0596509825461649,0.0453752191924357,0.016181548612397022,0.015884923076515643,0.006214540186282777,0.008215413462079633,0.018166259433121827,0.027148534307525334
2024-08-31,0.03403764190770617,0.03386611639046913,0.021956298474068724,0.025545169418664578,0.03790355806573688,0.038960152928781605,0.03695142600733065,0.036659288527674375,0.030938446993289296,0.03311326041810245,0.03923985334714375,0.0453752191924357,0.01120156904054393,0.011065134573566747,0.00859397463141714,0.010065134282805432,0.009267724634554091,0.02726919624496385
2024-09-30,0.04057631675931399,0.04031543953381521,0.0241726062853022,0.027791944112372406,0.04514903052586253,0.03893347650772018,0.052141815872563155,0.051664142842777344,0.03398024573079851,0.03893583685862883,0.05343018241375238,0.0453752191924357,0.020369639955508,0.020177506005407474,0.012733047393356803,0.01320441462037567,0.0187762944388078,0.027980963333672244
2024-10-31,0.041755012905306824,0.04141325426517161,0.025319809579287055,0.028241551735955564,0.0452523531485427,0.0389271637129778,0.05127028986864715,0.050934173243602984,0.03573229781840325,0.040830738008458246,0.053069656535985145,0.0453752191924357,0.01887017544834628,0.01860883513908943,0.01438478309185723,0.013064209506736972,0.01780190970701456,0.028304784297823807
2024-11-30,0.040058155426564046,0.03942273812421137,0.023104659129275045,0.022740727907691945,0.04410117834814317,0.038763751609628985,0.05002442254701539,0.04967770498045631,0.031633962039148485,0.035685317352112236,0.05676259361676789,0.04583926593169396,0.019586225398484373,0.018872377125342104,0.008269639599222866,0.004727268143075711,0.021297941186339514,0.027981231252774512
2024-12-31,0.028485821280303147,0.02824930017290491,0.022600127573967014,0.023262171078361257,0.031000160095634298,0.03883535287283958,0.030083924733211635,0.02999952902305153,0.03117505043948342,0.03281078944833481,0.03574308852139354,0.0453752191924357,-0.0007376482935266132,-0.0009106634979227715,0.00732124350281794,0.005216277167039429,0.0036233222582501626,0.02774146424488661
2025-01-31,0.022478872949304684,0.022344759615116817,0.021921683974678436,0.01843044621845362,0.032191888055422446,0.03837205256717307,0.03740251829254616,0.03712155132075336,0.03046143883332881,0.030748514240733008,0.04517369640131677,0.0453752191924357,-0.0009453746959776944,-0.0009643694439180166,0.005045510686346613,-0.002454020669995255,0.002927152942526868,0.027359777819413428
2025-02-28,0.007449757418249783,0.0074458214444903074,0.019910773121473484,0.013593107163836732,0.015574267714571634,0.03824155029286861,0.009744911513672475,0.009922415637775985,0.02712681043804408,0.022385663103685685,0.021450244683377723,0.04434612157047457,-0.02153104057691294,-0.0214345639176237,-0.0007122910345799711,-0.00967487064128672,-0.012880792671169206,0.023563985965534953
2025-03-31,0.02436839664040715,0.024179944394407876,0.021670628769706504,0.01909064625784858,0.0345368165860534,0.03834901522681604,0.04939105115077376,0.048885383701277166,0.030293478234684392,0.034139360140647154,0.05690832332655203,0.04434612157047457,0.005045918137780296,0.004930366041129909,0.0038276942750795524,-0.0009271008314620278,0.013255063630821757,0.02132844292137524
2025-04-30,0.034215164145421126,0.03395664519286737,0.026224489363117266,0.02692079943753781,0.04708890384242302,0.03859979101667495,0.06620055951872547,0.065737524253028,0.038003456272589844,0.048395433431401354,0.07487259581726369,0.0453752191924357,0.021066995123485133,0.020884438184356733,0.012700044979873933,0.008566138790380713,0.03201145247212932,0.025053632400653947
2025-05-31,0.026538546173488272,0.026414719871688155,0.027128189567694985,0.027519735716353678,0.0398091511875808,0.038605778540085615,0.05800669600928744,0.05777589197607824,0.039261745067334645,0.05178441041426106,0.0704437002668063,0.0453752191924357,0.007821522034248962,0.007870197595756849,0.01526409808947399,0.008990157512519506,0.02632103183217379,0.028579799447104214
2025-06-30,0.014913933675419816,0.015005585343748917,0.026744887909423094,0.02705071873451949,0.025983667222141012,0.03902067014048947,0.03085744260687239,0.030960677724489658,0.038304429798786024,0.04480929272457913,0.044298820697817834,0.0453752191924357,-0.008167481663827449,-0.007921048655441309,0.01511490050942691,0.0078603432419313,0.010528898794297373,0.02852994915959251
2025-07-31,0.009251085481360517,0.009490546568782694,0.025352292062595483,0.026085496926521026,0.017510445335879025,0.03906243666807789,0.0038338555591126006,0.004446805328207265,0.03630117365443214,0.03358994682123009,0.015174107800307816,0.04583926593169396,-0.015495090216081388,-0.015128228371541517,0.015282339395085637,0.008318751626425357,-0.005334491083654375,0.02918105566207183
2025-08-31,0.015952760211594485,0.016063956289923208,0.025139949597417506,0.026630141927878166,0.023696001655282156,0.0397485837462625,0.008976726784942247,0.009469711452890023,0.03593488557100833,0.032752741370603744,0.01935046099504837,0.04583926593169396,-0.004820418551282634,-0.004670387195472324,0.015951112602144643,0.01027619800313425,0.00029648030331292513,0.02905914275062987
2025-09-30,0.009326038129845542,0.009618194639333541,0.02383749635910859,0.023378802692583783,0.019924894132286063,0.040365823082558094,0.01067907509233414,0.010976974699188798,0.03388654349945227,0.030885699306816942,0.021425474305697953,0.04737860356257784,-0.014597117551878393,-0.014134614083339759,0.014380286691681015,0.0066021466079240546,-0.005727868919496892,0.028618293189507163
2025-10-31,0.0011549037696990325,0.0013916526249343648,0.020130459084407096,0.01531712350102022,0.008971745458703818,0.040365823082558094,0.003140057012730832,0.0032953994634013287,0.026574958573960018,0.020300926288241497,0.014978922993683925,0.04737860356257784,-0.021986321372957376,-0.02168889196951132,0.004180818626903492,-0.004207806305944823,-0.01182899286120279,0.028401096035276945
2025-12-31,0.007638353161002649,0.007793974010203333,0.021259630513427878,0.016492601638444654,0.014955079987219917,0.03859550416471577,0.017865408250120115,0.017736824113270617,0.02740069585801398,0.02291124633186881,0.027624375712174746,0.04583926593169396,-0.010290159515248216,-0.0101127315151582,0.005206857040392204,-0.0020523960699438404,-0.001442315263744845,0.029225855073040683
