date,yield_curve,cpi_yoy,unemployment,rate_level,mom_1m,mom_3m,mom_12m,vol_6m,mean_rev_12m,y_IWM,y_QQQ,y_SPY
2006-02-28,-0.009999999999999787,0.04018789144050117,4.7,4.53,0.04924740481379852,0.09628661268563381,0.1351849115834224,0.0350822452589414,0.08926724270302189,-0.0075577093450789334,-0.05637144101443603,-0.0016615037370000252
2006-03-31,-0.14000000000000057,0.0363825363825363,4.8,4.55,-0.004174776509438686,0.035710044086413574,0.1183448638666047,0.03424830551730027,0.07436834108342742,-0.055897709779129556,-0.07768190697631105,-0.01542616942767605
2006-04-30,0.040000000000000036,0.03417918177110302,4.7,4.86,0.028834597511929145,0.07548194209731562,0.17650786494163842,0.034710481490494334,0.09053585119651131,-0.08791562365763328,-0.11980224470232059,-0.023510802865386538
2006-05-31,0.20000000000000018,0.03613835828600931,4.7,5.07,0.004583540393730841,0.029325016083886973,0.23161416905034957,0.02866208826119192,0.07701108904315108,0.00013917079926706322,0.001961002154736491,0.02866058285751638
2006-06-30,0.08000000000000007,0.03977272727272729,4.6,5.12,-0.05311542170632888,-0.02133378559406729,0.09823979164144044,0.03555955911996806,0.012136215149208152,0.006953436958179182,0.04792685850587919,0.05269936107184492
2006-07-31,-0.009999999999999787,0.041817243159525175,4.6,5.15,0.0005250569383875211,-0.048137745741144565,0.0945203311597993,0.03528389467890534,0.005300332051324371,0.0930381532633775,0.13834329561193526,0.07926132300338651
2006-08-31,0.020000000000000462,0.041046690610569536,4.7,4.99,-0.022392056923031627,-0.07343419380655847,0.010069990159688605,0.028591272990256444,-0.017789769821110062,0.0873355719098674,0.12544996592174806,0.07736355929430427
2006-09-30,-0.04999999999999982,0.03926568077511483,4.7,4.74,0.0331753018546271,0.010392452023992416,0.05878621051510239,0.033418895346222215,0.009579757147945345,0.08466113316567903,0.061133253076781635,0.0640027499577629
2006-10-31,-0.07000000000000028,0.02012072434607637,4.5,4.64,0.02660436269228746,0.03672809287376477,0.0788134124196862,0.03284662094581853,0.029632627680501827,0.04434791965794904,0.03561222438041378,0.047901434708383483
2006-11-30,-0.09999999999999964,0.014063284781516971,4.4,4.61,0.04591516564000823,0.10945349487297891,0.15879555334244833,0.038692484405575135,0.06374095101110659,0.013922418485226018,-0.015034619174000508,0.008398609230771292
2006-12-31,-0.16000000000000014,0.01968702675416467,4.5,4.46,0.026103301713051714,0.1017853561764972,0.1278747857655227,0.026168590155832033,0.08044547109870859,0.019955496622423574,0.009165295464976353,0.006638345751293073
2007-01-31,-0.11000000000000032,0.025239777889954462,4.4,4.71,-0.0005624353006385974,0.07249469591467543,0.13753979272805447,0.026276244040555213,0.0682961089201591,0.01928496358503118,0.04262200371318148,0.03505240206020499
2007-02-28,-0.11000000000000032,0.020757651781234232,4.6,4.83,0.01768082428861928,0.04355572373784692,0.10335305969335422,0.017647656497841984,0.07808521974628106,0.06865222892741496,0.09061782936154383,0.08822225482038792
2007-03-31,-0.09000000000000075,0.02420260782347028,4.5,4.56,-0.01432089573308104,0.002510533206439939,0.0917836375854042,0.023701608869181004,0.054799910894824576,0.04441125763655496,0.09016405271467454,0.061971741127946345
2007-04-30,0.07000000000000028,0.027981972959439272,4.4,4.65,0.008879753326323328,0.012007930811757253,0.07086003205201585,0.022264763166180025,0.0580242421075976,-0.04422615384356554,0.03437125256561924,-0.013182199024349472
2007-05-31,0.03000000000000025,0.025929247633283525,4.5,4.63,0.03878530822255932,0.03289648775312518,0.10719046385247936,0.02024256998754784,0.08937965171306761,-0.06597061323081732,0.031112263601918322,-0.03378797118672949
2007-06-30,-0.019999999999999574,0.02709885742672613,4.4,4.9,0.03639665211932508,0.08604833787194537,0.2116887945467553,0.02265218461732127,0.1107146251664864,-0.03267840262661004,0.0775203210361477,0.01892421406818645
2007-07-31,0.16000000000000014,0.02692765113974227,4.6,5.03,-0.008070098698476413,0.06789942657102459,0.20136376223965038,0.023682442381457808,0.08509120869998117,0.06794081232813998,0.14703736677704216,0.06421049086474095
2007-08-31,0.22000000000000064,0.023178905864958077,4.7,4.78,-0.034248145859509006,-0.007129787003824532,0.18832202415361454,0.0317178036480497,0.033860804662363776,-0.024471312768454823,0.04924127934404021,0.011956496023291407
2007-09-30,0.3899999999999997,0.01897448478900876,4.6,4.54,0.020765577186163602,-0.02182128313433133,0.1737787992377687,0.029979896681269002,0.04177657266029855,-0.04974750752900636,-0.0026607517731402908,-0.03735165993348932
2007-10-31,0.6199999999999997,0.028338264299802685,4.7,4.59,0.03673989744221943,0.022519456877703663,0.18523245043706105,0.03157854222040871,0.06534848673411224,-0.14541736194430754,-0.197289261994245,-0.11319366046059276
2007-11-30,0.5400000000000005,0.03610698365527476,4.7,4.48,0.03748876497246867,0.09833867693573024,0.17703841033303305,0.03199134984791873,0.09067290311105795,-0.10381172547505413,-0.1768070602378291,-0.09987267756895779
2007-12-31,0.9300000000000002,0.04373267326732666,4.7,3.97,-0.058403315997941685,0.012775906899385495,0.07952434289808157,0.04131749931123799,0.020089777080684563,-0.10402164036836448,-0.15754362456701276,-0.09753156203176694
2008-01-31,0.9900000000000002,0.04108813392417532,5.0,4.04,-0.0061410006516048705,-0.029283424458350155,0.07461548730085314,0.04136769285046906,0.007930512411745028,0.008095208394046871,0.04583926593169396,0.011396758465244794
2008-02-29,1.5,0.04294695655165981,5.0,3.67,-0.0815699587487253,-0.14046927387547795,-0.03233139691089811,0.05154799169226789,-0.0728966477890632,0.0826344773089942,0.1529675285661667,0.05258218530660752
2008-03-31,1.88,0.04142959270611968,4.9,3.53,-0.03448919569365912,-0.1185703120733308,-0.052259989217853985,0.05012450321737517,-0.10111494882589338,0.01106710453077353,0.033325224029777445,-0.025711012597334992
2008-04-30,1.83,0.03974903550134434,5.1,3.45,0.0010407414902274075,-0.11249364874508212,-0.05915267283318807,0.043666265218122884,-0.09582112326730736,0.0026047728829832195,-0.03707564182488543,-0.08129907744767184
2008-05-31,1.48,0.039037609759888126,5.0,3.77,0.057676581736293864,0.022165378692083532,-0.04216042697076557,0.04988858122076651,-0.04014856680118295,-0.007045395018190348,-0.08027936583132389,-0.08096697810689601
2008-06-30,1.3999999999999995,0.04088413823123993,5.4,4.06,0.04007486994220688,0.1018070153885257,-0.038086970112061046,0.05097733632597043,0.0018420856551204512,-0.00948149585924929,-0.14850862844407864,-0.09259814219007634
2008-07-31,1.3600000000000003,0.04935966105947864,5.6,3.99,-0.08499705476691188,0.006544000573169284,-0.1137050556541388,0.061125660092544935,-0.0742404963990811,-0.28071791695145576,-0.32299025452900754,-0.26411901265135107
2008-08-31,1.4700000000000002,0.054975120783418374,5.8,3.99,0.01138815128046359,-0.03729022083846856,-0.07244192162491232,0.05298619887454567,-0.05785547618701192,-0.4428360020388302,-0.45914734491809206,-0.35160259025276375
2008-09-30,1.4700000000000002,0.053080171620912386,6.1,3.83,0.02190887383343898,-0.053979331545717914,-0.07150715199250757,0.05099267212692349,-0.03109952186105654,-0.31521441059069444,-0.26730726750305145,-0.24294651637482545
2008-10-31,1.85,0.04953319875136075,6.1,3.85,-0.10915023794776231,-0.07862812487179556,-0.20185773604595567,0.07015902840906164,-0.12072284093381651,-0.18171655090408478,-0.12235501850365305,-0.14808144422868885
2008-11-30,2.4499999999999997,0.03731057889956513,6.5,4.01,-0.1764872421101981,-0.25096519912886095,-0.3669848978019852,0.08879516025082036,-0.25082782683730936,-0.1823678545320111,-0.054698247418434764,-0.18960545570374476
2008-12-31,1.9300000000000002,0.010999174706166848,6.8,2.93,-0.10116224525147599,-0.34080188995000055,-0.3958142156881357,0.07840884906897612,-0.3009958532678334,-0.15459103196841184,0.020967167731820613,-0.1193318928167928
2009-01-31,1.49,-0.0002222800255385904,7.3,2.25,0.026875701409205144,-0.24020542723006344,-0.3755432064868602,0.08774326156321745,-0.25547760196252023,0.09019182650093294,0.16685155603536872,0.06106592003143607
2009-02-28,1.9300000000000002,-0.0011358601902212717,7.8,2.87,-0.0672160328192088,-0.1396557615181113,-0.36658384012875894,0.0830087081218252,-0.2820231981989766,0.25127261022860825,0.2525230566486236,0.23154658735601208
2009-03-31,2.02,8.463140671510772e-05,8.3,3.02,-0.09330940321919656,-0.1308829938368842,-0.4045935732625181,0.07146866369683198,-0.3238959517275188,0.19453376310885284,0.18344074861187476,0.15086919997805737
2009-04-30,1.9,-0.004464787676623838,8.7,2.71,0.08801779362997923,-0.07817759622791565,-0.3529499955531854,0.09737170519845273,-0.23870610513289148,0.1391628940770797,0.14170131825619992,0.12810728724601894
2009-05-31,2.25,-0.005763244243767063,9.0,3.16,0.1279388963967835,0.11297734410943401,-0.31023802511494847,0.10006296014614706,-0.11302772424630414,0.13463213219177161,0.12471121110256078,0.10757221184971932
2009-06-30,2.5500000000000003,-0.01015761495855172,9.4,3.47,0.04151650545419224,0.2778259158358152,-0.30984786058927954,0.08766489625191086,-0.043487004773069916,0.17079050509536353,0.1505521800953904,0.14307049281900408
2009-07-31,2.42,-0.012291746182109153,9.5,3.53,0.01567085139521429,0.1929776086003708,-0.2335003006555368,0.08726937786441602,-0.003793441042068283,0.015935545684937935,0.03852924720570439,0.05170420876749837
2009-08-31,2.39,-0.01958761003762277,9.5,3.52,0.0835675718732165,0.14607289799323855,-0.17855509407582826,0.07876353458116582,0.10084943913267967,0.017791310437673236,0.08547754787079409,0.07521413885692851
2009-09-30,2.4299999999999997,-0.014838355663267633,9.6,3.4,0.02699144047917379,0.13016945135094496,-0.1744964652724609,0.04476525298492576,0.15312371431964408,0.03992083297187232,0.08125487988165725,0.05929198607644448
2009-10-31,2.3600000000000003,-0.01377942862886472,9.8,3.31,0.04918779815987836,0.16750976903863238,-0.024551695263905438,0.04307216544824883,0.21352161163492633,0.06900039777582556,0.0453752191924357,0.041685179341008016
2009-11-30,2.5100000000000002,-0.002239682942003385,10.0,3.41,-0.03822163359800294,0.036136175633824985,0.1382856298267039,0.04210340234765728,0.15347441154892497,0.08201299516832483,0.028842829562771843,0.012619593150551722
2009-12-31,2.54,0.019145871744709275,9.9,3.21,0.05210933646711954,0.06176753881020147,0.3345139717127648,0.04299015592002115,0.18407970771055773,0.0848439444849789,0.0524037125334349,0.05279685595439343
2010-01-31,2.71,0.028141231232083674,9.9,3.85,0.050125462942867204,0.06215357107992,0.36507489663520243,0.04343463436831698,0.20993028410011463,0.17810459864962525,0.14146880509235604,0.10516817643218435
2010-02-28,2.81,0.026211113889767157,9.8,3.63,-0.04611943527936576,0.05347442144048845,0.3921423967200878,0.04840504289588358,0.12358738254577295,0.05596781510963522,0.019659499107899325,-0.008338950910115273
2010-03-31,2.8,0.02151336357866529,9.8,3.61,0.040661829879422275,0.04247742796901929,0.5975876039031319,0.0490757118057162,0.12819984460770603,-0.10372342578649274,-0.11623818347360126,-0.1205647373670562
2010-04-30,2.82,0.022861714393279886,9.9,3.84,0.07343178967351949,0.06552124492636024,0.576516001593364,0.05299902561185827,0.16802650315929882,-0.09381350121731602,-0.06834588268844533,-0.06984730755718527
2010-05-31,2.7199999999999998,0.022067707525304403,9.9,3.69,0.03155993548610225,0.15260409818996137,0.4416526063882688,0.04374282121482056,0.16908161786494116,-0.09281034446763714,-0.04420893703806783,-0.033081818143556596
2010-06-30,2.55,0.020035489292185682,9.6,3.31,-0.07624819032162596,0.023037795670129868,0.2793031791891862,0.060094066540482126,0.059127566493417216,0.1050826602502517,0.14115385464026842,0.10581451141631959
2010-07-31,2.3600000000000003,0.011215605940686268,9.4,2.97,-0.06297738966124748,-0.10728085311535011,0.1794812886170641,0.06340003003611984,-0.020206179477303115,0.08058685175133329,0.13253602094929784,0.07723644899602622
2010-08-31,2.3899999999999997,0.013407784804821077,9.4,2.94,0.06939758167660288,-0.07435795670104917,0.16392573546841058,0.06639564567986979,0.03504476939829293,0.1921976330463009,0.18347136592446844,0.12325996408943496
2010-09-30,2.0,0.011501775395112546,9.5,2.47,-0.056905935019917475,-0.05480674485814526,0.06880557139492005,0.07010736677711106,-0.029061038879065082,0.1521716176060579,0.1061994855807109,0.10220351557479646
2010-10-31,2.11,0.011183122472331775,9.5,2.53,0.11524508987037548,0.12467330159084648,0.13616511063522826,0.08070952016466267,0.07125769463935623,0.10781302896464418,0.07263275099987787,0.08774491329719147
2010-11-30,2.29,0.011666951489314625,9.4,2.63,0.047688096168517546,0.10198020193553974,0.23853952059195413,0.08177232752102727,0.1026355845028244,0.12749557233085884,0.10547713531851999,0.12189246161564427
2010-12-31,2.36,0.01084544776600338,9.8,2.81,0.011041676667830957,0.18148967325509494,0.1911737551128697,0.0716344702546037,0.09841348257257236,0.0751424141534276,0.05451060523598317,0.05730036127949045
2011-01-31,2.69,0.01437793022217937,9.3,3.3,0.06491901804099583,0.12800419982632683,0.20706133199826268,0.060263659894249914,0.15041324392048505,0.10488959608775694,0.05495104286390884,0.06281763545926289
2011-02-28,2.84,0.017007834915029774,9.1,3.42,0.01595685599993235,0.0936282081950146,0.28537922511917785,0.05952093605044343,0.14384111534202484,0.03284615652744982,0.011571269331728473,0.01739244067780099
2011-03-31,2.73,0.02124898173333145,9.0,3.42,0.04058822461001991,0.12561771697891513,0.2851746894089402,0.04029883548586317,0.16465749610840255,-0.01641013628274024,-0.004399120390188749,0.00025837469993916784
2011-04-30,2.67,0.02619241510354109,9.0,3.47,0.006956010053804899,0.06434506029255993,0.2055525700516212,0.026854163879480097,0.15363314926452695,-0.07709907606477717,-0.01620973661467362,-0.04849856619515425
2011-05-31,2.71,0.030772344447868694,9.1,3.32,0.02802237122923105,0.07730317162548068,0.20108970879196905,0.024708587148359152,0.16660969049265803,-0.15211245722458422,-0.05596719767133829,-0.0937658402934991
2011-06-30,2.5999999999999996,0.034589718808965,9.0,3.05,-0.013780923595414015,0.020858197255487914,0.282219127700678,0.029008659747072642,0.12668813951105706,-0.24599738192221343,-0.08145226800185323,-0.14869990279210743
2011-07-31,2.73,0.03502318150636041,9.1,3.18,-0.0203900546026687,-0.006802424619226162,0.34074526402125,0.025367736365651167,0.07847409257311444,-0.07070132023599918,0.000990326217991111,-0.02490125465593529
2011-08-31,2.46,0.035798809769996165,9.0,2.82,-0.012471368900167238,-0.04587407865802673,0.23798279776683154,0.0270675774002075,0.04698862855210262,0.018626119610139824,0.025720935482795415,0.027571488826678703
2011-09-30,2.03,0.0375499603070808,9.0,2.23,-0.0648597469361784,-0.09501407407930947,0.22761086629260716,0.03277821996518935,-0.03538591942617161,0.141987904433734,0.06550819551157927,0.1099136012006241
2011-10-31,1.67,0.03812621692818685,9.0,1.92,-0.07527732831019103,-0.14482377090211773,0.018123590493465718,0.039037416710658294,-0.10866339719501657,0.07036670588937266,0.04737860356257784,0.05165307563538857
2011-11-30,1.92,0.035222681306640524,8.8,2.17,0.1213925372924507,-0.030620938884431775,0.08873101273213495,0.07078115211886372,-0.008210829070780338,0.09952288675794119,0.13679713618222822,0.0982152340436917
2011-12-31,1.83,0.03451432214581729,8.6,2.08,-0.011588932381327929,0.024270113562499047,0.06457601855919452,0.07118171072176004,-0.024894521139088077,0.11892809621400158,0.19225262000436505,0.11947846037028143
2012-01-31,1.64,0.03062066838419386,8.5,1.89,0.0031525446036106595,0.11214860824389938,0.0031466947349568417,0.07125854889454286,-0.022151559258973424,0.03359507877787493,0.09966116784878842,0.06744919840376973
2012-02-29,1.61,0.030087663379855023,8.3,1.83,0.06733849269527885,0.058143606520843015,0.05359306671350813,0.07717797192694868,0.03900746406115552,-0.05982602475699217,-0.03547148605923489,-0.036975510529519084
2012-03-31,1.68,0.028981784423473878,8.3,1.98,0.04439879620241897,0.11814649338119525,0.05830647046154077,0.06984502355653847,0.07998451070094877,-0.035082805808341,-0.049191980611359654,-0.028853527023092518
2012-04-30,1.9,0.025828752813320977,8.2,2.23,0.035846823141037376,0.15505818312808625,0.09013237290925424,0.04947052877382291,0.11045713794916279,-0.03409463284988146,-0.027503035856892843,-0.010395390905168611
2012-05-31,1.68,0.022731633741348567,8.2,1.95,-0.011517247738324557,0.06957939741078412,0.04825822165333841,0.03356173794071898,0.09316954150520347,0.06870438595024364,0.09605174354026769,0.07628361277460982
2012-06-30,1.32,0.01737942937466075,8.2,1.59,-0.06541623792445783,-0.04307387293927967,-0.006933832082641682,0.048162940502969355,0.02232634565709805,0.05150682136809692,0.06932311172467642,0.06153888216209058
2012-07-31,1.3399999999999999,0.01653870448297634,8.2,1.67,0.042438931692755144,-0.036972476697003875,0.05626430097704982,0.049458733427910524,0.060773371574519786,0.04490143610828845,0.005160045668072932,0.03141327431813057
2012-08-31,1.28,0.014175114798464783,8.2,1.51,0.0021985128678341606,-0.023663258990948455,0.07155831945820283,0.043391510054332005,0.05700950390622935,0.015655369077731685,-0.03238974137868755,0.012312903369243955
2012-09-30,1.35,0.016859349154821235,8.1,1.57,0.03741961401361508,0.083734724041719,0.18829884182405254,0.04223510231186264,0.08095755465382289,0.01911604789189525,-0.0459159111817673,-0.003827159539683933
2012-10-31,1.42,0.019497168982819613,7.8,1.65,0.022281532698112578,0.06270355756116015,0.31319521952372903,0.04089953500563921,0.08110614806751697,0.10156000054857461,0.034686876473815076,0.06446104160257704
2012-11-30,1.42,0.021556780595369363,7.8,1.72,-0.030894405576484447,0.02767000816610521,0.13494359564806876,0.043422632148131995,0.03682262255318217,0.10605902617177776,0.02511808597001508,0.07149600924067112
2012-12-31,1.37,0.017960197033926262,7.7,1.62,0.008086585424858702,-0.0012344119472808741,0.15770083870426266,0.028493164069057775,0.03294600651197991,0.11604707420051419,0.05959806642507193,0.0998689978427798
2013-01-31,1.53,0.017595049796895523,7.9,1.78,0.013484486616685923,-0.009799214006349977,0.16935532927225574,0.025404636579850176,0.03385729803255918,0.05203355953390343,0.058289545501423845,0.06897644626622856
2013-02-28,1.75,0.01684061762098299,8.0,2.02,0.046762306464888326,0.06959194616205555,0.14697060523829256,0.029201723340135904,0.07006450746723902,0.08060332771302559,0.09000597132708865,0.0796329012904824
2013-03-31,1.64,0.020181404902574807,7.7,1.89,0.008748572137794008,0.07047919073308506,0.10842516158976385,0.02656151927210312,0.070012035363755,0.026852728799886982,0.03596243266891186,0.028931634804997053
2013-04-30,1.62,0.015187472411246183,7.5,1.87,0.038269589603438625,0.09649490994646537,0.11181698285956847,0.028604642575112832,0.10082039716409781,0.10112968005561829,0.07213249866931193,0.06028697911870928
2013-05-31,1.48,0.01138808047576867,7.6,1.7,0.013697018122582727,0.0616146476245479,0.1396320249270245,0.019425975362691136,0.10290483171123828,0.030410014509688388,0.033015705328218736,0.006500534348539588
2013-06-30,1.86,0.013903888279197085,7.5,2.16,0.03290146966103191,0.08700370891855913,0.2593230343046589,0.018853378881359413,0.11731544364889568,0.10149589154641525,0.1044504041225105,0.05109058955973822
2013-07-31,2.16,0.017157935271568725,7.5,2.52,-0.015158659999130353,0.031062545037160955,0.189801538074994,0.02457428273672757,0.08461422350664338,0.054631746635601885,0.09160313535731124,0.04597123045705942
2013-08-31,2.29,0.01885471805415806,7.3,2.6,0.06271915157255596,0.081119724057875,0.26249039815915554,0.028014227251034644,0.1301696566222942,0.12558618114249676,0.1304655287393075,0.10562932301180439
2013-09-30,2.3899999999999997,0.01538809488600279,7.2,2.78,-0.021864347982091397,0.023655200729825115,0.18999650914613153,0.03386502709120213,0.0893527046488296,0.08272312681000216,0.11212611357534108,0.10006952396605406
2013-10-31,2.31,0.010947341081747997,7.2,2.64,0.04828662276872938,0.08978131140381233,0.22020290959798747,0.03524388601756665,0.12289409420261992,0.03067983177420075,0.04434612157047457,0.01891873416636969
2013-11-30,2.26,0.00876799143491147,7.2,2.57,0.04002515435179843,0.06637523306112536,0.308693730348281,0.03611569503784167,0.1414806148619759,0.0385606387752544,0.05969153041774522,0.03422203270231794
2013-12-31,2.4699999999999998,0.012328701961954458,6.9,2.75,0.03490430849483676,0.1281937894072934,0.3437122584935728,0.03621146695721878,0.15239961690898185,0.011038213304788158,0.003123997763302633,0.016886634418327162
2014-01-31,2.66,0.015128383667573297,6.7,3.04,0.025136518546582092,0.10338090056748306,0.35879534534650626,0.030038274729074114,0.15143108636347988,0.0009723354537412021,0.019325918486000404,0.05969944894412382
2014-02-28,2.33,0.01557758795574915,6.6,2.67,-0.02740037846193651,0.03186608120838915,0.262937955833553,0.033749079501401734,0.09861351811457442,-0.037881489121008194,0.012964511940012358,0.03813037751615145
2014-03-31,2.33,0.011204746347724948,6.7,2.66,0.04827627529469081,0.04521238193025989,0.3126880427677195,0.02962525992489473,0.1259362584288942,0.021008563582768147,0.07144076603275185,0.05030387236442202
2014-04-30,2.29,0.016126949139408042,6.7,2.73,-0.008841675094645987,0.010419420424689832,0.25258126974751066,0.03126072435762522,0.09516549411400255,-0.003248051186464984,0.08638978921691898,0.029847001046517718
2014-05-31,2.25,0.02015125303606169,6.2,2.67,-0.011239337447820907,0.02733471320737905,0.22151242828690934,0.03182012044748625,0.06541633320720974,0.036089583651720325,0.09139064502526839,0.045610659634463424
2014-06-30,2.11,0.02166947687079812,6.3,2.48,0.025307227113165798,0.004914208031792618,0.21285320837664176,0.030850877708658676,0.07534560677631881,-0.076396293384831,0.053035302098127346,0.011283745518143817
2014-07-31,2.0599999999999996,0.020589816945944195,6.1,2.53,0.034867578291099134,0.04895864081727086,0.2744696905281296,0.03284799156372114,0.09072362178673073,0.04990954757189758,0.06736215276509938,0.048090196941009467
2014-08-31,2.05,0.019742378703305974,6.2,2.58,-0.020720428767663,0.03909510381171318,0.1756494484282091,0.03174215016606091,0.05446821504015723,0.0038584037657196646,0.06294207372274396,0.03648643908558036
2014-09-30,1.87,0.017150983482969062,6.1,2.35,0.04595137793774451,0.059704163423067426,0.25643672870321915,0.031078607263998474,0.0824876979267964,0.09348597829198368,0.04787618075512512,0.047839112069184786
2014-10-31,1.94,0.016840509711232077,5.9,2.52,-0.026880601791677727,-0.0025788317836565877,0.16849856850398037,0.03252452687711683,0.040839022225619935,-0.0036859943643250404,0.0007559293256171884,-0.005515693032044133
2014-11-30,1.85,0.016095417021513292,5.7,2.35,0.03863529460687672,0.05670803294932636,0.16460276448787456,0.03339649148089215,0.06645312375201051,0.052962519385723716,0.026013482733101334,0.022065370457623246
2014-12-31,1.7100000000000002,0.01231524989320798,5.8,2.18,0.02468346048746854,0.035330414682518484,0.15443160925918042,0.033615472726054696,0.0800921329431837,0.041988704499575036,0.02480269443086236,0.008774703954716578
2015-01-31,1.5,0.006531213919623191,5.6,2.17,0.0013288925356972348,0.06534594444010788,0.12560500727244217,0.035289678883265285,0.06987695159072523,0.04932424891475673,0.06488671123821366,0.048637957374195295
2015-02-28,1.21,-0.002299309782054282,5.7,1.68,-0.0277410544663426,-0.0028078346132628753,0.12534399312796704,0.03602650476266798,0.03040332741212041,0.013678270843251461,0.017404198037704433,0.006729941282269891
2015-03-31,1.37,-0.0008703146293520536,5.5,2.0,0.0626248288369952,0.03435184094520971,0.14091507024658415,0.04014096488128643,0.08292572083363936,0.003932321761038082,0.016121668688686697,0.0020386903593294647
2015-04-30,1.38,-0.00022031284423873476,5.4,1.94,-0.007198355919247705,0.025602951139467756,0.14226159998631274,0.036592657088042206,0.06317887325463183,0.018814957931356346,0.041650178876566635,0.014590427095636294
2015-05-31,1.4699999999999998,-0.0010403098939391064,5.4,2.05,0.001136048269526772,0.055813089299421005,0.15690269835095072,0.03549092388783573,0.05170359827695329,-0.06849114268934997,-0.051270359650491315,-0.061070265182046946
2015-06-30,1.5100000000000002,0.0003503321824429584,5.6,2.12,0.019234672454450985,0.01269380605618986,0.14946985221011225,0.03418111705782425,0.05970304124454865,-0.12691365880750727,-0.048435773458387565,-0.06639592884380185
2015-07-31,1.71,0.001795718097550525,5.3,2.35,-0.012441191602129864,0.007411052452046318,0.096621841338756,0.03455492788286871,0.03857066187192548,-0.061109057460911664,0.014681503740988866,-0.007098585163242355
2015-08-31,1.5300000000000002,0.0022568611104094582,5.2,2.2,0.019042254278193466,0.025406725854045353,0.14119892742761944,0.03184470085288028,0.046703376989319034,0.03615915613219034,0.0914366302815619,0.059436228519694545
2015-09-30,1.47,0.002413037985344868,5.1,2.21,-0.06410147028159663,-0.058473115242925346,0.02095516779400926,0.03481446781545688,-0.022077715631260226,0.03516919834443932,0.09768064514424335,0.06785001324078177
2015-10-31,1.42,8.842961634170088e-05,5.0,2.06,-0.03231736750659201,-0.07690381897412561,0.015349564877752556,0.03522492172227464,-0.05473739833961918,-0.10921318290449289,-0.0816140315586047,-0.06485357107559242
2015-11-30,1.4100000000000001,0.0012761656067050708,5.0,2.16,0.08499525073586385,-0.017187667252661076,0.061663911143827,0.05306552621366211,0.020852257805044554,-0.14352853616864447,-0.10346161013027277,-0.06932822312827547
2015-12-31,1.27,0.004363182169185187,5.1,2.21,0.014114221129741663,0.06460208971547177,0.04987137532865601,0.053397101696650295,0.03056513930423499,-0.014829899720939288,-0.021105221188340018,0.013205382821234402
2016-01-31,1.21,0.006387247515364791,5.0,2.27,-0.027844581285898135,0.0695367778280059,0.020637703145348112,0.054008928571923374,0.00042587877372953403,0.09143367677151115,0.018115663618856637,0.06820688801409336
2016-02-29,1.18,0.012375025026943876,4.8,1.94,-0.06822204037447373,-0.0815428110959231,-0.02180749210328677,0.058885363198627194,-0.06603302731051326,0.11582634870174946,0.0766655217725436,0.08590218689255025
2016-03-31,0.96,0.008472775790126619,4.9,1.74,-0.0062378243884696856,-0.0996576304537441,-0.08559357820196427,0.054011954587868206,-0.0652963827834319,0.038567046619567336,-0.01265825280629329,0.024271590350149808
2016-04-30,1.05,0.008916160965521946,5.0,1.78,0.0719754986503982,-0.007437194655081081,-0.011818742120653555,0.060384127404194736,0.0028634816545212902,0.07907064635824579,0.08879585474198315,0.05616066929985486
2016-05-31,1.06,0.011726257503534843,5.1,1.83,-0.003734901924504578,0.06153720858392794,-0.01818055605268461,0.047806838475795754,0.00037590675052360617,0.07459777254777133,0.056469627091119357,0.04048863130455249
2016-06-30,0.9700000000000001,0.010784764621246223,4.8,1.84,0.027705326680202313,0.0973938339298559,-0.009918533748110914,0.049283311036277665,0.02886493910010568,0.0854524398862262,0.10140700178877893,0.03707688494371375
2016-07-31,0.91,0.010792865347959424,4.9,1.49,-0.0064927412875276,0.017103492626676358,-0.0034819006710127645,0.04742013255702333,0.02267571534329993,-0.018696198804513564,0.01766077499357621,-0.01623457355054736
2016-08-31,0.7899999999999999,0.008683633430518256,4.8,1.46,0.055576176011647695,0.07763531043401602,0.031594804573889114,0.03574130626494929,0.07636938257854127,0.06855033066766847,0.011564668793501376,0.0187447812642203
2016-09-30,0.78,0.010553158595656864,4.9,1.58,0.00984643691002248,0.05895487718908007,0.11296891206884403,0.03376650334972082,0.07714306600382585,0.08630564262664908,0.0009292402905343167,0.03875565262833991
2016-10-31,0.8300000000000001,0.015486446201652182,5.0,1.6,0.010977077680942285,0.07790318467417905,0.1627054271247593,0.024496294532404327,0.07532011625137465,0.13618029878133786,0.0657322617752838,0.07398174692168258
2016-11-30,0.9800000000000001,0.01685924966243646,4.9,1.84,-0.025959890275775277,-0.005602787832772904,0.04387969108151446,0.02929432281468741,0.04340386565961252,0.05036660867199316,0.10420274857417411,0.07634486344257052
2016-12-31,1.26,0.016843334719788938,4.7,2.37,0.05061033993667322,0.033835963702902726,0.0810762942415808,0.036345432658701306,0.08838908601121591,0.022190746921783244,0.11301039137932012,0.05752534243583618
2017-01-31,1.2500000000000002,0.020507989115119862,4.7,2.45,0.020145941389959104,0.04352853071781274,0.13562335771873832,0.0343905550067916,0.09828845131545501,0.030804050501708424,0.0897912584186562,0.04966551043940104
2017-02-28,1.2600000000000002,0.025103933482571117,4.7,2.45,0.024038100649473277,0.09687212607617972,0.24770387823089224,0.030651966943269406,0.10352838247190599,-0.008212629477076128,0.08520385006886944,0.025140379095544674
2017-03-31,1.14,0.028103616813294208,4.6,2.36,0.03411414629091447,0.08027225094612718,0.2976889731625394,0.032516188780041,0.11668030931517137,0.02471412031017728,0.04168538395587351,0.030246254747202883
2017-04-30,1.13,0.0244119623655914,4.4,2.4,0.00725968839920658,0.06709815792748253,0.21906452429289902,0.03265061400675746,0.10623762306577526,0.02177495288353004,0.054590968139020646,0.040715036486115075
2017-05-31,1.01,0.02176223471915395,4.4,2.29,0.016229557282796625,0.05871627615485475,0.24416422184597653,0.02487333739116029,0.1040153139157735,0.029017032124698083,0.03688213581731592,0.029614038586489144
2017-06-30,0.9299999999999999,0.018563431667619756,4.4,2.21,0.01112756062058573,0.03540636328004931,0.22385061293898656,0.014937779498726343,0.09784530451916533,0.056963640194068965,0.057377553495101985,0.0432081225405474
2017-07-31,0.9300000000000002,0.01640565809959127,4.3,2.31,0.005646555925394352,0.032765594731791525,0.23841543245766017,0.019430916309329128,0.08399136120273314,0.05573825733634852,0.0626015852686832,0.04615324454053127
2017-08-31,0.9599999999999997,0.017251073506566073,4.3,2.3,0.023230584655093905,0.039892519872578434,0.2002812394219744,0.018858905816430113,0.09245604353664698,0.09738329103894383,0.06160309736281189,0.07334793272504303
2017-09-30,0.79,0.0192812155729698,4.4,2.12,0.0036917924182077178,0.032356581375005,0.19337653717208295,0.01651205138306128,0.08071088948461269,0.03225713510644468,0.07057315881524318,0.06545385248574132
2017-10-31,0.8600000000000001,0.021805652303711787,4.3,2.33,0.026745949962505455,0.05394269603460552,0.21061308849960447,0.020998956034791363,0.09117836780642181,0.0502532038234369,0.10948502195627263,0.09699082363359679
2017-11-30,0.7799999999999998,0.02020757753132485,4.2,2.38,0.025639063507526687,0.056386128193909237,0.27494034163230313,0.022280177204927143,0.09715352614904053,-0.017929227591557684,0.07694649853145918,0.029845171533017023
2017-12-31,0.6399999999999999,0.02172493864295566,4.2,2.42,0.026564808694466313,0.08064260357639401,0.24801741080545403,0.0210471488530248,0.10566482196728495,-0.0018348228767210983,0.02929023801637065,-0.0100029166133222
2018-01-31,0.51,0.021299307195522532,4.1,2.4,0.004724899111223794,0.057849859332404975,0.2298388058759017,0.01865656871064658,0.09219141013403724,-0.01732789384477229,-0.04961051866626409,-0.059675920266549554
2018-02-28,0.5800000000000001,0.02151318868063945,4.0,2.72,0.056503216030495095,0.08969697942958521,0.26905062818568865,0.026234178639606847,0.13111087358595178,0.08167857567802095,0.01858123704048964,0.0013801412579947936
2018-03-31,0.6200000000000001,0.02263468931091861,4.1,2.87,-0.029242025327253767,0.030836613809664182,0.19143866460259665,0.03405064618497298,0.08238530969435824,0.07570174671876906,0.07160986326909313,0.03490762968041672
2018-04-30,0.4700000000000002,0.023309497646499366,4.0,2.74,-0.01867430617111247,0.005979073844199119,0.1587664291665225,0.03510882782306491,0.048718098628840835,0.08229184856476746,0.09414428300663591,0.06612937181228151
2018-05-31,0.45999999999999996,0.024709963021052994,4.0,2.95,0.006679977829220658,-0.041169618891510794,0.14756736089685707,0.03421207241555104,0.043928573773925526,0.06468391163202014,0.09516311513647846,0.07353224822884386
2018-06-30,0.43000000000000016,0.02781921607842497,3.8,2.83,0.04755819451809917,0.035081003510933094,0.18904986948994576,0.03804989143054278,0.0780283822735448,0.03503412055011257,0.08095716237499051,0.07372577516230905
2018-07-31,0.33000000000000007,0.028075506935940187,4.0,2.85,0.007781780044635885,0.06280034467445961,0.1923972917449054,0.0377109690139025,0.07081667707783978,-0.09771904052941682,-0.03650057061670964,-0.034258767169217386
2018-08-31,0.29000000000000004,0.02854124785561929,3.8,2.96,0.027166785101567264,0.08428527672304702,0.19655904516780306,0.031302631134812985,0.08346086999401299,-0.12280603006088775,-0.0953517167467215,-0.04730075531785083
2018-09-30,0.23999999999999977,0.026429238568742575,3.8,2.86,0.044277709615567984,0.08098774896029859,0.2450904595479634,0.027668719849885528,0.11092065816294405,-0.22679826275847237,-0.18312039891232512,-0.1453971527037874
2018-10-31,0.23999999999999977,0.02332055105808828,3.7,3.05,-0.0067070261641267725,0.06549701660436306,0.2056901404060787,0.02352019683408688,0.08639194777688552,-0.0031450297294224328,-0.006965988236751208,0.003232686027173415
2018-11-30,0.2799999999999998,0.02492032470218053,3.8,3.15,-0.08831330603936427,-0.05420578836889637,0.07132973716575826,0.0510625013345311,-0.014933656136950932,0.03023387046337689,0.02516056322929039,0.016755016000738365
2018-12-31,0.20999999999999996,0.02147328577667773,3.8,3.01,0.011054205821128002,-0.0842370524460229,0.05493815438913644,0.046989732001438494,-0.008456219707927612,0.13659537511815323,0.15424487646685847,0.1268617366758349
2019-01-31,0.20999999999999996,0.020023809043401064,3.9,2.69,-0.09812568545443719,-0.16852390670670725,-0.05272163094720839,0.06100433458575011,-0.10179383973017382,0.06274173592382226,0.1215024366759776,0.08988002533874084
2019-02-28,0.17999999999999972,0.014875893578291333,4.0,2.63,0.09446419047551095,-0.0022813181641931544,-0.019489584758533463,0.07549566600175213,-0.01573547543989584,-0.0695344468747745,0.006197098801015599,-0.007916879643211416
2019-03-31,0.20999999999999996,0.015188615351321877,3.8,2.73,0.038039722594729174,0.024357161727026993,0.048381482413189104,0.07454254271753809,0.017550322417033026,0.019138637069980646,0.04085967305389193,0.041417111392894945
2019-04-30,0.14000000000000012,0.018831863513063984,3.8,2.41,0.012137541322118825,0.149466939069519,0.08223114629058499,0.07568590101225559,0.023336162057624194,-0.00747030334367782,0.010405308550002879,0.016383007136311356
2019-05-31,0.23999999999999977,0.020005834702090608,3.7,2.51,0.0432706511661447,0.09599565078734044,0.12206029419368784,0.06516745189541538,0.0575186581679612,0.02374377381650472,0.07705947586627282,0.06539334151801146
2019-06-30,0.19000000000000017,0.017959105553606136,3.6,2.14,-0.07484981289886213,-0.022947094440811777,-0.008491936429576574,0.07530989026691741,-0.020931701771801852,-0.0236085258869263,0.013038500806062281,0.017391881579176705
2019-07-31,0.25,0.01671194894390049,3.6,2.0,0.07177868037022332,0.034438545073737746,0.05447883517257349,0.06035886486655789,0.04469713944272594,-0.0036062950908322122,0.03282718825149811,0.024249833500575413
2019-08-31,0.13000000000000012,0.01826331335037068,3.7,2.02,0.015094608398518542,0.006511702177374216,0.042013558461392875,0.05143086881355156,0.05687535391786983,0.0868122602925796,0.09189327236237332,0.07669349659039959
2019-09-30,0.0,0.017376412106666406,3.6,1.5,-0.028349499960012164,0.05723769371761008,-0.02958984515135517,0.05282993364993987,0.02999964985782429,0.09413106304482799,0.12088403187480079,0.08606386517034714
2019-10-31,0.050000000000000044,0.016844977040391562,3.5,1.68,0.016335458326016756,0.0024452829354173478,-0.007965182668637438,0.05257919690285249,0.04746255396119629,0.03581841398236296,0.10794728269745946,0.0637959867082536
2019-11-30,0.16999999999999993,0.017339736996186295,3.6,1.69,0.031021045234093325,0.018106132224812055,0.12123800804718139,0.05117567821201119,0.06958443268134766,-0.09664952761949586,0.00557274192934365,-0.054238004301753406
2019-12-31,0.16999999999999993,0.020922903948629168,3.6,1.78,0.03918292803120645,0.08888360025212598,0.1528489584519536,0.03353275912408878,0.09802192363176158,-0.36591320012659434,-0.10820361392360311,-0.21626340829230806
2020-01-31,0.33999999999999986,0.023195274699624457,3.6,1.92,0.03192810680241057,0.1056912341912369,0.31858382654065975,0.024927403071009786,0.1078710110347294,-0.20470542104099376,0.0013983759451559052,-0.09631497074332795
2020-02-29,0.17999999999999994,0.02599767976845202,3.6,1.51,-0.00034841360104120866,0.07211052088104575,0.20645946821695915,0.02702880539639599,0.0907502582330156,-0.048250743505844795,0.12780636406908386,0.032705506114051985
2020-03-31,0.2699999999999999,0.023413166797595197,3.5,1.13,-0.07606571513994091,-0.046443641950540404,0.07572904235922144,0.044195836679887086,0.002337255419034993,0.22725311450007624,0.26442481223702075,0.18366845224421002
2020-04-30,0.47,0.014940399642909163,4.4,0.7,-0.13750006207538035,-0.20115635406637863,-0.08047838061419814,0.07328867008760064,-0.1280330080414864,0.12633824553003947,0.1957832031916622,0.12134755694854604
2020-05-31,0.44,0.003130472940411133,14.8,0.64,0.13839906411045985,-0.09184513153713769,0.0027603236581048942,0.09737044918227372,-0.007933259172639281,0.11581720755575642,0.23572387253756766,0.14227076571740493
2020-06-30,0.49,0.001982013035848551,13.2,0.65,0.0598579691266096,0.04082466039181539,0.14912367597556908,0.09934772933153674,0.03909778272414196,0.048935994081548806,0.11523086687432293,0.08652948509213942
2020-07-31,0.5,0.007166562831830481,11.0,0.66,0.03830007139405548,0.25314878702818905,0.11472778266015556,0.09975883489113808,0.06961311388804703,0.04195205546878977,0.013416520032049739,0.004055994144402497
2020-08-31,0.44000000000000006,0.009968647625897997,10.2,0.55,0.05385061345128883,0.15998211193115033,0.15889749720420224,0.1018552611171916,0.11381015399615661,0.1562164529582022,0.01594624568675229,0.03984507836679718
2020-09-30,0.58,0.012810698495523853,8.4,0.72,0.07800265266190554,0.1805013725669621,0.287783633059372,0.09362746228693625,0.1758009871171943,0.27230231480907285,0.12333026692030025,0.11438632457897224
2020-10-31,0.5599999999999999,0.013910228912373812,7.8,0.69,-0.042614417876101096,0.08755637358706776,0.21170794865400122,0.060126917998364636,0.10644994179275151,0.29782741743415375,0.15686287564439372,0.12939331129410547
2020-11-30,0.74,0.012303863428671624,6.9,0.88,-0.011117237199271601,0.02013854502543233,0.15728818560989552,0.048320450129275126,0.07983624388006476,0.19042410950161504,0.04913492117680551,0.0535619115766135
2020-12-31,0.6799999999999999,0.011757452138405844,6.7,0.84,0.1344920359951068,0.07526761150443655,0.25981692591978534,0.0670668659891759,0.19996793612287908,0.12134911241982405,0.018295982042852543,0.061581996767150926
2021-01-31,0.8,0.013204191315779434,6.7,0.93,0.057512529995435324,0.1884756782515916,0.28922846121364887,0.06713632565538598,0.2409047894202779,0.09175230520520206,0.07310369529459138,0.12338306509607211
2021-02-28,1.0,0.013738437137002402,6.4,1.11,0.01362583335797618,0.21830072661917174,0.30485239339074294,0.06712194485804374,0.22912852336990505,0.03428286833734262,0.062354429922628185,0.1025017657260463
2021-03-31,1.2999999999999998,0.016698167791706853,6.2,1.44,0.029498721309412224,0.10504897525838126,0.45204767584609534,0.06205032573266075,0.22613946998918708,0.038946282029066914,0.10607172052871938,0.08028251851587065
2021-04-30,1.58,0.026678187820641908,6.1,1.74,0.02550564849538343,0.07033369168151211,0.7334740593937337,0.05289001314088206,0.20288046991440778,-0.01572131024465495,0.07686154745980112,0.05284346933790651
2021-05-31,1.49,0.04133077115360573,6.1,1.65,0.043295696208889733,0.10108436300800656,0.5859954601891432,0.04800511080569753,0.20698020839144995,0.003362046667571228,0.1302679159755895,0.07562449283923467
2021-06-30,1.44,0.04918257089467626,5.8,1.58,-0.0009113318811119209,0.06905202307698748,0.49453787213664485,0.02846728169380852,0.16719720727392948,-0.04438182976023608,0.011018535344295088,0.005718454826070918
2021-07-31,1.2,0.05295632620349999,5.9,1.45,0.03457958583624343,0.07840313672483375,0.48831589159235955,0.026135957546248492,0.16837516582687054,0.03420079656270669,0.058511614515464494,0.049410741022875904
2021-08-31,1.05,0.05245169381309234,5.4,1.24,0.005582901778260559,0.0395195947064213,0.41868216954405235,0.02635543231862338,0.14158567019180102,-0.03188159456059392,0.036962268080838356,0.012017712745048925
2021-09-30,1.1,0.05152015301793966,5.1,1.3,0.03132596536242486,0.0736862437493276,0.3581647456146824,0.022263864620307907,0.14821928670373027,0.019805800702553,0.10693010331094399,0.1049543481715638
2021-10-31,1.24,0.05351215590949132,4.7,1.52,-0.044080192839298725,-0.008865688966724461,0.35636707436403636,0.03530839593963763,0.07190460230520197,-0.12203357230761025,-0.060305398919769715,-0.017039974751376974
2021-11-30,1.07,0.06235042390298062,4.5,1.55,0.06377253804869783,0.04856715884692053,0.4570413203843235,0.0396872975684861,0.10761996511670964,-0.0674601879497283,-0.12586927385348012,-0.03893413853101535
2021-12-31,0.9099999999999999,0.06901970403700863,4.1,1.43,-0.010463392932968866,0.006121782782320229,0.271386868872121,0.04096717373557104,0.07565132511797217,-0.07841252954619016,-0.09170467769923274,-0.04724328880071216
2022-01-31,0.79,0.07174340285065539,3.9,1.52,0.026828693110920437,0.08117320306696334,0.23561505516903378,0.04091918845246431,0.08512630337839533,-0.08244900398933641,-0.1463034074065508,-0.08492253169479369
2022-02-28,0.6100000000000001,0.07558805726967832,4.0,1.79,-0.0785195393992899,-0.06343333311625772,0.12664270078871043,0.054896523029265044,-0.008973925105113634,-0.09078741414939895,-0.11650412019738976,-0.05270633451993678
2022-03-31,0.3900000000000001,0.07937278766517819,3.9,1.83,-0.021313483388764303,-0.0738969690802946,0.07089773289047352,0.054107351249734766,-0.036227355713627084,-0.18966771933647575,-0.25542510472985924,-0.17566709138726733
2022-04-30,0.040000000000000036,0.08572204966013852,3.7,2.32,0.03194802051191122,-0.06972906951884698,0.07799517839719923,0.05329994914762407,-0.01092781239495566,0.014991154325761258,0.008950786653535658,0.004286114017498122
2022-05-31,0.18999999999999995,0.08231750770777224,3.7,2.89,-0.10757268528272228,-0.09888753645991977,-0.07939826660798836,0.05925406273533188,-0.11158104564074216,-0.007183697968048186,-0.02774206714457783,-0.03962629601624723
2022-06-30,0.3200000000000003,0.08538171195642064,3.6,2.85,-0.0038872730643057705,-0.08270106136177728,-0.0822475854939223,0.058547980421241486,-0.10888513411875063,-0.02140648923164168,-0.04577181634901173,-0.05056883988759697
2022-07-31,0.06000000000000005,0.08979361103105798,3.6,2.98,-0.08506769058214492,-0.18642722586823268,-0.18823501167130463,0.05630662479096169,-0.17145858065142214,-0.01599769606211776,-0.12479481822368843,-0.0605184891764301
2022-08-31,-0.2200000000000002,0.08462576727730098,3.5,2.67,0.10774600299211994,0.009463454189155692,-0.10695081035812497,0.07959380950825258,-0.07410610088142877,0.026029882822527384,-0.018150171197235387,0.035240456415634114
2022-09-30,-0.30000000000000027,0.08222579178218825,3.6,3.15,-0.03738357598871289,-0.024456729912051722,-0.16648244271190912,0.07979256817193962,-0.09522101494998096,0.06026468637702376,-0.0012824687464627615,0.0728875086602212
2022-10-31,-0.3899999999999997,0.08192106896425821,3.5,3.83,-0.09813522640164125,-0.03841020111893915,-0.2133942072307895,0.08168852786564679,-0.16848958787187393,0.04809896031961802,0.06063614893264635,0.05573495551790408
2022-11-30,-0.41000000000000014,0.07758813957693,3.6,4.1,0.07763468479729922,-0.0639720178989562,-0.2025658508222801,0.08548004114285779,-0.08604177743130004,0.008917325833651901,0.0030728685416026025,-0.02383037716623626
2022-12-31,-0.6999999999999997,0.07122856456533988,3.6,3.68,0.04435648103897568,0.014751310058286745,-0.15737288532239643,0.08853130401656273,-0.031536207771209655,0.026589276632826397,0.18822162036255285,0.0719319243198413
2023-01-31,-0.5300000000000002,0.06404600402357152,3.5,3.88,-0.07096866806612774,0.045481841343078866,-0.2374572219815101,0.08593685635112241,-0.07828783417863787,-0.08517196688631223,0.09214945173170719,0.026791546414250966
2023-02-28,-0.69,0.06327178517960097,3.5,3.52,0.08916814584682024,0.05636804826909122,-0.0997059534250625,0.08178975118474979,0.012894340322808598,-0.07598348085033546,0.1716385387097672,0.05686129109962579
2023-03-31,-0.8899999999999997,0.05957820738137087,3.6,3.92,-0.015324819137964093,-0.0038379591920295977,-0.09536446177030981,0.08032510026281811,0.006064286883753489,0.051288924154277105,0.14208205465804014,0.08324092452463816
2023-04-30,-0.5799999999999996,0.04917719362889961,3.5,3.48,0.02784381328208892,0.10287637265805534,-0.10099234339670289,0.067281261723199,0.043153429630473784,0.12868372476617118,0.1748905922151618,0.0996014100145386
2023-05-31,-0.6000000000000001,0.049500798791243694,3.4,3.44,0.0010388622386231876,0.014012232937296698,0.008970539415533644,0.059841904159846325,0.04363194564967968,0.08471429956564336,0.08406471828351769,0.07861020404271546
2023-06-30,-0.7600000000000002,0.04131851231385042,3.6,3.64,0.02509741984342469,0.05752970124256181,0.03982261741918436,0.05866143668249221,0.0671971769207194,-0.05318942718068964,-0.029200955377802096,-0.03277286857914952
2023-07-31,-1.06,0.03070617072997095,3.6,3.81,0.06950393564625464,0.0973672733551072,0.21515908210992576,0.047119762242063275,0.12147288562185603,-0.18413191438696597,-0.08794650268610038,-0.08692960066219513
2023-08-31,-0.9099999999999997,0.03287749268428297,3.5,3.97,0.044140800283259285,0.1443922485928424,0.14426173474733525,0.04045476765250828,0.15586719221266296,-0.04393276776305388,0.02972103232042489,0.016865697262685053
2023-09-30,-0.7599999999999998,0.03722504803505289,3.7,4.09,-0.027303338081875683,0.08596263838521663,0.15830262968480047,0.04223805634101427,0.1104524327801597,0.1308409934965722,0.1362201996867345,0.1101058001356785
2023-10-31,-0.4400000000000004,0.03687206638119256,3.7,4.59,-0.05225637839046778,-0.03760666792759978,0.2179810058682634,0.04859604062285782,0.03612527494444876,0.16269562929820847,0.1751197247184466,0.14785453418488625
2023-11-30,-0.1900000000000004,0.032512659098611785,3.9,4.88,-0.037168140628807356,-0.11187414436354555,0.09413746828043468,0.05227718529638287,-0.008463000690641395,0.12938905701322057,0.12387843406653154,0.1113154453209999
2023-12-31,-0.3600000000000003,0.031333462745911866,3.7,4.37,0.0971857235560929,0.0013980448080671188,0.14853584621955854,0.06344326323220391,0.07563908635110887,0.049210074140361826,0.08218276491514498,0.0988502307270771
2024-01-31,-0.35000000000000053,0.033159099427102934,3.8,3.88,0.0742622381821858,0.13403897089202998,0.32619683552507234,0.06513911751119851,0.1276386807723374,0.01807205056839667,0.019431021058815112,0.04189432748688304
2024-02-29,-0.27999999999999936,0.030883429864855705,3.7,3.99,-0.0016310188179709344,0.17580385821024805,0.2177968708128705,0.06436619639790724,0.1082549087821092,0.012499389852386855,0.02764604661643677,0.040365823082558094
2024-03-31,-0.3899999999999997,0.03157074141648697,3.9,4.25,0.053757654043073755,0.12925284694946795,0.30206958719498295,0.06378047091309341,0.1427037369091099,-0.033083606487570805,0.07767128111246446,0.04285944577916112
2024-04-30,-0.3899999999999997,0.034868349120836584,3.9,4.2,0.026773790196942482,0.07999872199499958,0.29464799445487916,0.05216721785845769,0.14768990648195843,0.13620424518317886,0.105470973330827,0.09605064869545021
2024-05-31,-0.34999999999999964,0.033607951262196734,3.9,4.69,-0.05084373134942081,0.026880549867465426,0.2276608823714513,0.05628647783073212,0.07157929867105972,0.07001985908002695,0.056749101640877875,0.06980510216015112
2024-06-30,-0.3799999999999999,0.03244278584003113,3.9,4.51,0.05416027631190971,0.027267058290376605,0.2615446388809384,0.048073477365112215,0.10800830718893573,0.08840735419252166,0.019932964440724454,0.055920031330120246
2024-07-31,-0.34999999999999964,0.029702579486470926,4.1,4.36,0.0295793070429049,0.030672059130468554,0.2163584055221862,0.042355937129937765,0.12228847697258449,-0.024220847684324198,0.028172556850909913,0.034920219507377226
2024-08-31,-0.20000000000000018,0.029414757935583014,4.2,4.09,0.03289480530615796,0.11932152785176497,0.19944379157252468,0.04654770626114432,0.13861356379535014,0.09781568732705015,0.06932003811164122,0.06974654363329158
2024-09-30,0.0,0.02607144490692037,4.2,3.91,0.005839567452276799,0.06773962709818389,0.24025532592222673,0.044880438536841545,0.12439143442828267,0.0032815634038758645,0.04797195770865237,0.024605173506318856
2024-10-31,0.1499999999999999,0.024264830315416708,4.1,3.81,0.018108615827218417,0.056693034523590535,0.3324547507000082,0.04448589089869027,0.11820630727175134,0.042227790033113166,0.0780591372629944,0.060070706101000404
2024-11-30,0.1200000000000001,0.02578844053871343,4.1,4.28,-0.010579910740892965,0.013393456475018736,0.3688957122455516,0.03427268707173923,0.0795686262172776,-0.11642695452675689,-0.001473470711685465,-0.01062835963879838
2024-12-31,0.04999999999999982,0.02719472461284833,4.2,4.18,0.07461993852294195,0.0822583533140359,0.3403582479277554,0.038747742960812855,0.132014650414744,-0.09997602048151766,-0.08489733325562998,-0.04360568931150599
2025-01-31,0.33000000000000007,0.028706909675099812,4.1,4.58,-0.03441956215294939,0.025779522357487927,0.2061631261779243,0.04334816782674152,0.07583634275242483,-0.14813372397732127,-0.09242904003407126,-0.07881569704789548
2025-02-28,0.3600000000000003,0.029909783078999608,4.0,4.58,0.024490714983638046,0.062076763165008986,0.23678084046820644,0.03816474962775598,0.08308486734589897,-0.04341587834292149,0.02278982157745446,-0.0050904444657602355
2025-03-31,0.25,0.028015834477613355,4.2,4.24,-0.030654584246573264,-0.04064978395333452,0.13829949932856733,0.042433147993567975,0.03903674143839623,0.081302672891856,0.16358594394356896,0.10235061797382983
2025-04-30,0.3400000000000003,0.02381981462805549,4.2,4.23,-0.06670731943682273,-0.07306764172643632,0.035026221426161595,0.0523937084508288,-0.032903711260170776,0.121330811106386,0.17366216937259615,0.13382892330574236
2025-05-31,0.5699999999999998,0.0232538823025783,4.2,4.17,-0.005970392171880705,-0.10058668592791305,0.08384655691506704,0.05263152681820352,-0.044458244666060374,0.13971849646547518,0.09534461284790652,0.09319162121892077
2025-06-30,0.52,0.023772651073680873,4.3,4.41,0.06900808198249038,-0.008170972739428647,0.09955066172972911,0.050330012501287213,0.013900506930430915,0.11729929362136726,0.08580907608983157,0.07808284910852681
2025-07-31,0.52,0.02680453865910226,4.1,4.24,0.05680966748115224,0.12339917785757744,0.12768835696067785,0.0529404070232522,0.06071048230073021,0.11824756340213938,0.10855772493107008,0.07887017708347255
2025-08-31,0.43000000000000016,0.02742618052167134,4.3,4.37,0.02131712076775109,0.1539497202675187,0.11975649550766194,0.05263617478533065,0.07309784057132096,0.058972187611697535,0.08332980231229836,0.06050646381814939
2025-09-30,0.6400000000000006,0.029385917430316155,4.3,4.23,0.03399529025596378,0.11588665588757137,0.1479321632377757,0.05150296393785444,0.09552771422671791,0.020557111380556492,0.024241130770061403,0.026302985628084308
2025-10-31,0.56,0.030225715847133294,4.4,4.16,0.04039127219572788,0.09842214410937977,0.17306776189643766,0.03058206688801024,0.12417703916498642,0.056416280661443,-0.010223923588908335,0.017375524674714704
2025-12-31,0.5499999999999994,0.026964439164939513,4.5,4.02,-0.0011420070647773322,0.07000680488264943,0.1363185137365027,0.02375727595439772,0.12394385932416181,-0.010731573437801956,-0.08796630618855339,-0.06999412215731926
